5 Minutes,Lane 1 Flow (Veh/Minute),Lane 1 Speed (mph),Lane 2 Flow (Veh/Minute),Lane 2 Speed (mph),Lane 3 Flow (Veh/Minute),Lane 3 Speed (mph),Lane 4 Flow (Veh/Minute),Lane 4 Speed (mph),Flow (Veh/ Minute),Speed (mph),# Lane Points,% Observed
26-09-2021 06:55,1,74.8,4,70.7,8,67.5,4,63,17,67.6,4,100
26-09-2021 07:00,1,74.9,5,70,6,66.2,5,63,18,67,4,100
26-09-2021 07:05,1,75,4,70.5,6,66.9,5,60.8,17,66.6,4,100
26-09-2021 07:10,1,74.7,6,71,7,67,6,60.5,19,66.5,4,100
26-09-2021 07:15,2,74.7,5,71.7,7,67.7,5,60.6,19,67.6,4,100
26-09-2021 07:20,1,74.7,5,69.9,7,67.2,5,60.7,19,66.6,4,100
26-09-2021 07:25,1,74.7,6,69.8,7,68.6,4,58.8,18,66.9,4,100
26-09-2021 07:30,1,74.7,5,70.6,8,68.4,6,59.2,21,66.5,4,100
26-09-2021 07:35,3,74.6,8,69.3,9,66.7,7,61.1,27,66.9,4,100
26-09-2021 07:40,3,74.3,6,69.9,9,67.1,7,60.2,24,66.7,4,100
26-09-2021 07:45,4,74.3,9,69.2,8,67.7,9,59.6,29,66.6,4,100
26-09-2021 07:50,3,74.5,8,69.8,8,68,8,60.7,27,67.1,4,100
26-09-2021 07:55,3,74.3,8,68.4,10,68.1,8,62,29,67.1,4,100
26-09-2021 08:00,2,74.6,6,70,9,68.2,6,57,22,66.1,4,100
26-09-2021 08:05,2,74.6,7,71,9,68.4,7,59.3,26,67.1,4,100
26-09-2021 08:10,2,74.8,8,70.2,10,66.6,6,61,25,66.9,4,100
26-09-2021 08:15,2,74.7,9,70.6,9,66.6,7,62.5,27,67.6,4,100
26-09-2021 08:20,2,74.6,6,71.2,8,66.9,8,62.1,24,67.1,4,100
26-09-2021 08:25,3,74.8,8,72.8,10,67.7,9,62.6,30,68.3,4,100
26-09-2021 08:30,4,75,10,71.2,11,63.7,5,62.8,30,67.4,4,100
26-09-2021 08:35,3,74.8,9,72,12,64.7,7,61.3,30,67,4,100
26-09-2021 08:40,3,75,11,72.2,12,68,9,62.1,34,68.4,4,100
26-09-2021 08:45,4,75.1,12,70.4,10,68.5,10,60.5,37,67.7,4,100
26-09-2021 08:50,5,75.1,10,71.9,13,68.6,11,64.1,39,69.1,4,100
26-09-2021 08:55,6,74.1,14,72.1,13,68.3,9,60.9,42,68.8,4,100
26-09-2021 09:00,4,73.9,9,72.7,10,67.7,10,62.8,33,68.3,4,100
26-09-2021 09:05,2,74.3,8,72.5,10,68.7,7,62.3,27,68.6,4,100
26-09-2021 09:10,3,74.4,9,71.1,12,69.3,10,63.5,34,68.6,4,100
26-09-2021 09:15,5,74.1,10,69.9,13,67.2,13,63.1,41,67.4,4,100
26-09-2021 09:20,4,74.3,10,71.3,12,68.9,8,64.4,34,69.1,4,100
26-09-2021 09:25,4,74.3,12,73.8,13,69.3,10,65.2,39,70.2,4,100
26-09-2021 09:30,3,75,12,69.7,13,68.8,12,64.1,39,68.2,4,100
26-09-2021 09:35,5,74.6,10,69.3,14,68.9,12,64.2,41,68.3,4,100
26-09-2021 09:40,5,74.8,12,69.7,15,68.6,14,64.7,46,68.4,4,100
26-09-2021 09:45,7,73.9,11,69.8,14,68.6,12,62.7,44,68.2,4,100
26-09-2021 09:50,6,73.4,12,70.5,14,68.5,15,64.3,48,68.3,4,100
26-09-2021 09:55,5,74.3,14,72.1,16,68.2,16,62.5,51,68.2,4,100
26-09-2021 10:00,5,74.6,12,72.5,14,67.8,11,60.4,42,68,4,100
26-09-2021 10:05,6,74.9,14,71.7,15,67,16,59,51,66.6,4,100
26-09-2021 10:10,6,75.1,12,72.4,15,69.1,14,58.8,48,67.7,4,100
26-09-2021 10:15,7,74.9,13,73,17,68.2,14,58.4,51,67.6,4,100
26-09-2021 10:20,8,74.3,13,72,14,66.7,16,59,52,66.8,4,100
26-09-2021 10:25,7,73.8,14,70.6,14,66.4,13,59.9,48,66.9,4,100
26-09-2021 10:30,6,74.3,14,70.2,12,68.8,11,58.7,43,67.4,4,100
26-09-2021 10:35,6,74.2,12,71.1,16,67.9,16,57.8,51,66.3,4,100
26-09-2021 10:40,8,74.7,13,71.9,15,67.3,12,59.4,48,67.7,4,100
26-09-2021 10:45,6,74.4,11,71.8,15,66.9,16,60.1,48,66.7,4,100
26-09-2021 10:50,7,74.8,13,72.2,14,67.1,13,59.8,47,67.7,4,100
26-09-2021 10:55,7,74.4,13,70.7,14,67.1,16,58.3,51,66.3,4,100
26-09-2021 11:00,7,75.7,17,68.5,17,67,14,58.9,54,66.4,4,100
26-09-2021 11:05,8,75.8,12,69.3,14,66.1,18,61.5,52,66.8,4,100
26-09-2021 11:10,5,75.6,15,68.9,14,65.4,11,60.9,45,66.5,4,100
26-09-2021 11:15,6,75.8,13,68.1,15,66.3,13,57.9,46,65.7,4,100
26-09-2021 11:20,6,75.7,15,68.2,15,65.2,15,57.9,52,65.2,4,100
26-09-2021 11:25,5,75.1,14,68.1,16,64.5,14,59.5,49,65.2,4,100
26-09-2021 11:30,6,74.7,14,69.3,15,65.8,14,59.5,48,66.1,4,100
26-09-2021 11:35,5,74.3,15,70.5,17,63.7,14,60.1,51,65.8,4,100
26-09-2021 11:40,7,73.1,13,70,15,64.2,17,59.4,51,65.3,4,100
26-09-2021 11:45,8,72.2,16,67.6,14,64.9,17,58.9,55,64.9,4,100
26-09-2021 11:50,6,73.5,13,68.3,16,64.7,15,59.5,50,65.2,4,100
26-09-2021 11:55,6,74.5,13,68.2,14,65.4,16,58.1,49,64.8,4,100
26-09-2021 12:00,7,75.2,15,68.7,15,65.8,15,57.9,51,65.7,4,100
26-09-2021 12:05,7,74.6,12,67.2,16,63.8,11,58.6,45,65.1,4,100
26-09-2021 12:10,5,75.3,14,68.5,17,63.4,15,57.2,52,64.2,4,100
26-09-2021 12:15,6,75.6,12,67.4,16,64.6,14,56.4,47,64.2,4,100
26-09-2021 12:20,7,76.4,16,67.7,15,63.9,15,55.2,54,64.3,4,100
26-09-2021 12:25,8,76.8,16,67.1,17,64.2,16,55.9,57,64.5,4,100
26-09-2021 12:30,6,75.5,12,67.7,15,65,18,56.3,52,64,4,100
26-09-2021 12:35,8,74.8,16,68.2,14,65.7,14,57.4,51,65.6,4,100
26-09-2021 12:40,9,73,17,68.3,16,64.1,16,56.1,57,64.5,4,100
26-09-2021 12:45,11,74.5,17,66.6,16,63.7,14,58.8,58,65.4,4,100
26-09-2021 12:50,9,75.2,15,65.6,16,65.1,14,58.2,54,65.1,4,100
26-09-2021 12:55,7,76.4,15,66.4,16,65,15,58.2,53,65,4,100
26-09-2021 13:00,8,76.1,17,66.5,16,63.8,16,57.6,57,64.6,4,100
26-09-2021 13:05,8,74.2,14,68.1,14,65.1,13,56,49,65.2,4,100
26-09-2021 13:10,10,75.9,14,67.8,15,65,14,56.2,53,65.3,4,100
26-09-2021 13:15,9,75.2,12,67.4,14,62.3,13,56.9,48,64.5,4,100
26-09-2021 13:20,8,74,13,67.1,16,63.7,15,58.2,52,64.5,4,100
26-09-2021 13:25,8,74.8,15,67.3,15,64.9,14,57.4,52,65.1,4,100
26-09-2021 13:30,11,74.5,13,65.9,17,61.9,21,56.7,62,63.2,4,100
26-09-2021 13:35,8,75,14,65.7,15,64.2,14,58.6,51,64.9,4,100
26-09-2021 13:40,11,74.5,16,66.3,18,63.3,17,56.6,62,64.2,4,100
26-09-2021 13:45,11,75.3,14,66.5,18,62.8,18,56.4,61,64,4,100
26-09-2021 13:50,10,74.3,16,66.9,17,63.5,12,57,55,64.9,4,100
26-09-2021 13:55,11,76.5,17,67.4,14,64,15,56.5,57,65.6,4,100
26-09-2021 14:00,7,73.8,16,66.9,16,65.2,14,57.3,53,64.8,4,100
26-09-2021 14:05,10,73,16,67.5,15,64.9,15,56.5,55,64.9,4,100
26-09-2021 14:10,9,73.4,16,68.2,15,63.5,16,57.2,56,64.6,4,100
26-09-2021 14:15,10,72.9,15,67,15,62.2,14,56.5,54,63.9,4,100
26-09-2021 14:20,7,72.7,15,65.7,15,59.2,15,55.6,51,61.8,4,100
26-09-2021 14:25,12,76,17,67,16,61.9,14,55.3,59,64.6,4,100
26-09-2021 14:30,10,76.7,18,65.3,15,63.2,15,56.4,59,64.4,4,100
26-09-2021 14:35,8,76.8,18,67.1,17,63.5,14,54.9,57,64.4,4,100
26-09-2021 14:40,9,75.8,16,66.9,15,63.9,15,56.6,55,64.8,4,100
26-09-2021 14:45,7,74.3,16,68.8,13,63.5,14,56.8,50,64.8,4,100
26-09-2021 14:50,8,75.5,15,68,15,64.4,15,57.7,53,65.2,4,100
26-09-2021 14:55,11,73.5,15,68,14,64.6,13,59.1,54,66,4,100
26-09-2021 15:00,9,73.8,17,68.6,16,63.1,18,58.3,60,64.9,4,100
26-09-2021 15:05,8,73.9,17,68.4,16,62.4,14,57.7,55,64.7,4,100
26-09-2021 15:10,8,73.8,14,67.2,14,62.8,14,57,50,64.2,4,100
26-09-2021 15:15,10,75.1,14,68.6,14,62.1,16,57.8,53,64.8,4,100
26-09-2021 15:20,10,75.4,16,67.3,16,61.6,14,58,56,64.8,4,100
26-09-2021 15:25,7,74.5,15,68.2,15,59.7,15,57.4,52,63.5,4,100
26-09-2021 15:30,10,74.5,17,69.8,15,61.2,11,56.3,53,65.3,4,100
26-09-2021 15:35,10,75.1,15,68.6,16,62.5,12,57.4,53,65.3,4,100
26-09-2021 15:40,6,75.2,14,67.4,18,61.6,13,54.2,51,63,4,100
26-09-2021 15:45,8,76.8,14,68.7,16,63.4,14,55.8,52,64.8,4,100
26-09-2021 15:50,8,76.4,15,67.3,18,63.4,15,55.3,55,64.1,4,100
26-09-2021 15:55,6,75.7,14,67.9,16,64.4,13,55.4,48,64.4,4,100
26-09-2021 16:00,10,74.8,16,67.5,15,62,13,53.4,54,63.9,4,100
26-09-2021 16:05,9,74.5,16,67.3,15,63.8,17,56.2,57,64.2,4,100
26-09-2021 16:10,8,73,17,67.3,16,63.2,19,57.3,60,63.8,4,100
26-09-2021 16:15,9,73.8,16,68.1,16,65.1,14,57,55,65.4,4,100
26-09-2021 16:20,9,75.5,18,68.4,16,63,17,56.7,60,64.7,4,100
26-09-2021 16:25,7,74.1,14,66.8,15,64.4,13,57,49,64.4,4,100
26-09-2021 16:30,9,73.2,15,66.1,14,63.7,16,57.7,54,64.2,4,100
26-09-2021 16:35,9,75.2,15,66.8,15,64.4,12,56.4,51,65.1,4,100
26-09-2021 16:40,11,74.3,19,67.3,16,64.1,17,58.1,64,65.2,4,100
26-09-2021 16:45,11,74.3,15,67.9,14,63.1,14,58.2,54,65.4,4,100
26-09-2021 16:50,6,73.9,15,67.4,13,66,16,59.1,50,65.1,4,100
26-09-2021 16:55,7,74.6,14,67.8,15,66.5,15,59.1,51,65.7,4,100
26-09-2021 17:00,8,73.8,14,66.5,12,64.2,14,58.3,47,64.8,4,100
26-09-2021 17:05,8,74.1,13,67.4,13,64.8,14,59.4,48,65.4,4,100
26-09-2021 17:10,8,74.8,15,68.3,14,65.1,15,57.9,52,65.4,4,100
26-09-2021 17:15,7,76.2,15,67.8,13,64.4,11,56.5,47,65.4,4,100
26-09-2021 17:20,5,75.2,14,67.4,14,64.1,16,56.9,48,63.8,4,100
26-09-2021 17:25,8,75.4,15,68.4,15,61.8,14,57.5,51,64.6,4,100
26-09-2021 17:30,8,75.3,13,67,19,62.5,15,55,55,63.4,4,100
26-09-2021 17:35,7,76.2,18,67.7,13,63.8,15,54.7,53,64.2,4,100
26-09-2021 17:40,8,76.4,12,68.4,15,64.5,14,56.1,49,65.1,4,100
26-09-2021 17:45,10,77.3,15,67.8,12,64,12,57.6,49,66.1,4,100
26-09-2021 17:50,8,75.3,14,68.6,17,63.1,16,57.5,55,64.7,4,100
26-09-2021 17:55,8,76,14,68.2,15,63.2,11,59.6,47,65.9,4,100
26-09-2021 18:00,10,76.6,14,67.9,14,65,14,57.7,52,65.9,4,100
26-09-2021 18:05,6,75.8,11,69.2,12,66.6,14,58.2,43,65.9,4,100
26-09-2021 18:10,7,74.6,12,67.3,13,66,13,56.8,45,65.1,4,100
26-09-2021 18:15,8,75,13,67,12,65.1,10,57.5,42,65.7,4,100
26-09-2021 18:20,9,74.9,13,69.1,14,65.6,16,58.2,52,65.8,4,100
26-09-2021 18:25,8,74.2,16,68.3,15,65.4,13,57.6,51,65.7,4,100
26-09-2021 18:30,6,74.7,13,67.7,14,66.7,13,57.6,47,65.5,4,100
26-09-2021 18:35,5,74.5,12,67.4,14,66.7,13,58,44,65.1,4,100
26-09-2021 18:40,11,72.1,14,67.5,13,66.1,14,58.5,52,65.7,4,100
26-09-2021 18:45,8,73.9,16,65.6,13,65.6,13,56.3,51,64.6,4,100
26-09-2021 18:50,6,75.3,12,66.8,12,67.7,13,56,42,65,4,100
26-09-2021 18:55,9,73.6,11,65.8,11,66.2,12,55.9,43,64.8,4,100
27-09-2021 06:55,4,73.6,11,67,13,64.2,9,56.6,37,64.4,4,100
27-09-2021 07:00,7,74,12,66.9,11,62.2,9,58.4,38,64.8,4,100
27-09-2021 07:05,8,73.7,13,69.6,12,62.6,7,58.1,39,66.4,4,100
27-09-2021 07:10,5,74.1,11,69.5,11,63.2,9,58.2,35,65.4,4,100
27-09-2021 07:15,8,73.9,12,69.5,10,62.6,10,58.4,40,65.8,4,100
27-09-2021 07:20,11,74.5,13,69.9,14,63.9,8,57.7,45,66.9,4,100
27-09-2021 07:25,5,75,11,70,12,61.1,9,57.8,37,64.9,4,100
27-09-2021 07:30,6,71,12,67.4,14,62.7,9,57.1,42,64.1,4,100
27-09-2021 07:35,9,72.7,15,68.3,17,61.9,13,58.7,55,64.8,4,100
27-09-2021 07:40,9,71.5,16,68.5,14,61.9,11,58.7,50,65,4,100
27-09-2021 07:45,7,72.1,17,67.4,16,59,15,57.9,54,62.9,4,100
27-09-2021 07:50,14,71.9,19,67.3,17,57.6,13,56.5,63,63.4,4,100
27-09-2021 07:55,12,70.8,18,67.5,18,59.8,14,55.4,63,63.1,4,100
27-09-2021 08:00,10,71.1,17,68.4,17,59.9,14,55.2,59,63.3,4,100
27-09-2021 08:05,10,71.9,15,67.2,16,59.4,12,55.2,54,63,4,100
27-09-2021 08:10,12,72,18,67.8,16,59.7,15,55.9,61,63.6,4,100
27-09-2021 08:15,12,72.3,18,67,16,55.2,14,56.1,59,62.4,4,100
27-09-2021 08:20,13,71.6,19,67.4,16,60.2,11,57.7,58,64.5,4,100
27-09-2021 08:25,7,71.8,14,67.6,14,58.1,11,58,47,63,4,100
27-09-2021 08:30,8,71.9,11,67,14,59.9,10,58.2,43,63.6,4,100
27-09-2021 08:35,8,70.8,15,67.6,15,62.4,12,58.5,50,64.4,4,100
27-09-2021 08:40,9,70.5,13,65.9,17,62,13,57.4,52,63.3,4,100
27-09-2021 08:45,7,71.8,12,66.5,16,60.4,12,55.1,48,62.4,4,100
27-09-2021 08:50,9,74.7,15,71.4,14,60.2,11,55.4,49,65.1,4,100
27-09-2021 08:55,11,74,14,68.3,16,60.1,13,58.3,53,64.7,4,100
27-09-2021 09:00,8,72.3,14,66.4,12,58.3,12,57.4,46,63,4,100
27-09-2021 09:05,6,72.8,13,66.8,13,60.4,10,59.5,42,63.8,4,100
27-09-2021 09:10,7,72,12,67.9,11,61,11,59.6,40,64.4,4,100
27-09-2021 09:15,5,73.1,12,67.9,15,62.3,12,58.3,43,63.8,4,100
27-09-2021 09:20,8,73,13,66.7,10,59.1,11,57.2,42,63.6,4,100
27-09-2021 09:25,7,72.6,12,66.6,15,56.7,12,57.7,46,61.9,4,100
27-09-2021 09:30,4,73.3,12,66.7,12,56.6,10,58.6,38,62.2,4,100
27-09-2021 09:35,6,72.3,9,67.6,12,57.7,11,59.8,38,63.1,4,100
27-09-2021 09:40,7,72.6,11,66.5,10,59.6,9,62.3,37,64.6,4,100
27-09-2021 09:45,4,73.8,10,69.7,12,62.9,9,61.2,36,65.6,4,100
27-09-2021 09:50,4,73.7,10,68.9,11,63.8,10,61.8,35,65.8,4,100
27-09-2021 09:55,4,74.1,11,70,14,63.5,9,61.4,38,65.9,4,100
27-09-2021 10:00,5,74.6,12,70.8,14,62.2,10,54.7,41,64.1,4,100
27-09-2021 10:05,4,74.5,11,68.2,15,61.7,12,53.5,42,62.4,4,100
27-09-2021 10:10,6,74,10,69.7,11,58.5,9,53.8,35,62.9,4,100
27-09-2021 10:15,4,73.8,8,68.7,12,60.1,9,57,33,63.2,4,100
27-09-2021 10:20,6,74.9,12,68.2,13,59.8,11,58.8,43,64.3,4,100
27-09-2021 10:25,4,74.5,11,69.4,15,60.7,10,54.5,39,63,4,100
27-09-2021 10:30,5,74,12,68.8,11,60.1,10,54.1,38,63.2,4,100
27-09-2021 10:35,7,73.6,14,68.7,14,56.8,11,54.7,47,62.5,4,100
27-09-2021 10:40,7,74.5,14,70.2,14,57,12,55.5,46,63,4,100
27-09-2021 10:45,6,74.2,13,68,15,57.3,11,56.5,46,62.3,4,100
27-09-2021 10:50,7,75.2,11,69.7,12,58.3,11,55.4,42,63.3,4,100
27-09-2021 10:55,5,75.2,10,69.3,13,61.1,10,55.3,39,63.7,4,100
27-09-2021 11:00,7,74.4,13,67.3,14,62.4,12,55.2,46,63.7,4,100
27-09-2021 11:05,6,73.2,12,65.8,13,62.2,10,53.5,41,62.9,4,100
27-09-2021 11:10,5,74.5,11,66.3,14,64.7,11,54.5,41,63.7,4,100
27-09-2021 11:15,4,74.5,11,65.2,13,63.2,11,54.4,39,62.6,4,100
27-09-2021 11:20,8,74,14,65.4,14,62.7,13,53.6,49,63.1,4,100
27-09-2021 11:25,7,74.7,16,65.9,16,59.1,15,51.6,54,61.1,4,100
27-09-2021 11:30,6,74.6,13,64.4,14,59.3,12,55.7,44,61.8,4,100
27-09-2021 11:35,5,74.5,13,65.7,14,58.3,11,52.4,44,61.1,4,100
27-09-2021 11:40,7,74.2,14,65.8,17,61.6,14,53.3,52,62.3,4,100
27-09-2021 11:45,6,74.6,14,64.6,15,63.1,14,52.1,49,61.8,4,100
27-09-2021 11:50,7,74.7,12,65.6,15,61.5,14,53.9,49,62.3,4,100
27-09-2021 11:55,6,74.3,15,65.4,15,60.4,14,53.5,51,61.7,4,100
27-09-2021 12:00,7,74.2,14,66.3,12,62,14,54.1,48,62.7,4,100
27-09-2021 12:05,6,74.2,12,66.3,15,61.6,15,53.4,48,62,4,100
27-09-2021 12:10,9,71.9,13,66.1,15,62.9,12,54.6,48,63.3,4,100
27-09-2021 12:15,7,71.6,15,65.1,14,62.8,16,55.9,52,62.6,4,100
27-09-2021 12:20,6,73.5,12,66,12,63.3,14,57.5,45,63.7,4,100
27-09-2021 12:25,7,73.7,15,65.7,15,61.2,14,56.9,50,63,4,100
27-09-2021 12:30,11,72.9,17,64.8,19,60.1,14,55.1,61,62.6,4,100
27-09-2021 12:35,8,73.6,14,63.3,16,58.1,14,53.5,51,60.6,4,100
27-09-2021 12:40,9,73.5,17,63.6,14,57.3,12,56.2,53,61.8,4,100
27-09-2021 12:45,8,74.2,18,64.8,15,60.3,15,53,55,61.7,4,100
27-09-2021 12:50,8,74.8,13,66.2,17,62.5,17,55.4,56,63,4,100
27-09-2021 12:55,6,74.4,14,67.2,17,61.1,15,53.8,52,62.2,4,100
27-09-2021 13:00,8,72.3,13,66.1,14,56.6,14,53.9,50,60.9,4,100
27-09-2021 13:05,9,73.9,16,67.9,16,58.9,13,54,55,62.9,4,100
27-09-2021 13:10,7,73.6,13,66.9,14,61.8,16,55.7,51,62.9,4,100
27-09-2021 13:15,9,72.6,15,67.5,16,62.4,15,54.4,55,63.3,4,100
27-09-2021 13:20,8,74.1,15,65.3,16,59.3,17,55.3,55,61.7,4,100
27-09-2021 13:25,9,74.5,12,65.3,16,60.7,15,54.4,52,62.3,4,100
27-09-2021 13:30,5,74.3,15,62.6,16,59.6,13,55.5,48,60.9,4,100
27-09-2021 13:35,10,74.8,16,64.1,17,61.7,14,54.9,56,63.1,4,100
27-09-2021 13:40,8,73.7,15,64.6,17,61.2,14,56.4,54,62.8,4,100
27-09-2021 13:45,11,73.6,17,64.5,20,60.4,15,56.1,62,62.9,4,100
27-09-2021 13:50,12,73.4,18,65.3,19,57.9,16,56.7,65,62.5,4,100
27-09-2021 13:55,7,73.7,13,64.6,15,60.8,10,54.9,45,62.5,4,100
27-09-2021 14:00,10,75.3,15,65.2,16,61.6,12,55.9,53,63.9,4,100
27-09-2021 14:05,11,76.3,15,64.7,15,59.3,11,54.8,51,63.5,4,100
27-09-2021 14:10,11,75,16,64.7,15,58.6,15,54.6,57,62.5,4,100
27-09-2021 14:15,16,72.5,19,60.8,18,56.4,16,55.9,68,61.2,4,100
27-09-2021 14:20,12,72.3,19,62.1,18,59.9,15,55.6,64,61.8,4,100
27-09-2021 14:25,16,73.3,20,64.5,17,58.4,19,57.1,71,63,4,100
27-09-2021 14:30,15,73.4,18,65.5,18,59.5,16,57.4,67,63.8,4,100
27-09-2021 14:35,13,73.4,17,66.2,18,60,15,53.1,64,62.7,4,100
27-09-2021 14:40,13,72.2,21,64,20,59.5,16,55.3,70,62.2,4,100
27-09-2021 14:45,17,71.7,21,63.9,17,58.7,17,57.1,73,62.9,4,0
27-09-2021 14:50,18,71.3,22,64.3,19,58.2,17,56.4,77,62.7,4,0
27-09-2021 14:55,18,73.2,20,62.3,19,60.3,16,58.2,74,63.6,4,100
27-09-2021 15:00,22,70.8,26,62.2,23,57.8,23,56.5,93,61.8,4,100
27-09-2021 15:05,18,70,26,61.9,25,59.3,18,54.3,88,61.3,4,100
27-09-2021 15:10,23,70.5,25,62.4,26,59.3,23,55.4,97,61.8,4,100
27-09-2021 15:15,19,70.3,25,63.3,22,60.8,18,55.5,84,62.5,4,100
27-09-2021 15:20,25,70.1,24,62.9,25,59.2,18,55.2,91,62.3,4,100
27-09-2021 15:25,15,70.2,20,62.8,20,61.6,16,55.4,71,62.4,4,100
27-09-2021 15:30,23,70,24,62.5,22,62.4,21,57.4,90,63.2,4,100
27-09-2021 15:35,19,69.6,22,61.1,22,62.1,20,56.5,82,62.2,4,100
27-09-2021 15:40,19,69.3,24,62.7,22,59.4,17,58.6,82,62.5,4,100
27-09-2021 15:45,30,69.7,29,61.7,24,59,17,53,101,62,4,100
27-09-2021 15:50,23,69.3,24,63.5,22,59.6,17,57.1,87,62.8,4,0
27-09-2021 15:55,22,69.4,26,63.5,21,61.1,19,58.3,88,63.3,4,0
27-09-2021 16:00,23,68.5,26,62.6,23,60.1,21,58.2,92,62.4,4,0
27-09-2021 16:05,22,69.1,25,62.5,24,60.3,19,57.6,90,62.5,4,0
27-09-2021 16:10,25,67.7,26,61.4,22,58.6,20,57,93,61.4,4,0
27-09-2021 16:15,24,67.8,24,61.4,23,58.9,21,56.6,93,61.4,4,0
27-09-2021 16:20,27,65.9,25,62.6,23,56.9,21,58.4,95,61.2,4,100
27-09-2021 16:25,28,66.1,29,61.9,27,57.8,24,56.6,107,60.8,4,100
27-09-2021 16:30,30,67.3,29,61.9,24,56.8,20,58,102,61.5,4,100
27-09-2021 16:35,24,66.9,27,62.6,24,58.8,21,57.3,97,61.6,4,100
27-09-2021 16:40,26,67,26,61.4,22,58.5,22,56.1,97,61.1,4,100
27-09-2021 16:45,25,66.5,29,60.5,28,58.1,21,54.8,103,60.1,4,100
27-09-2021 16:50,27,66.6,29,59.9,30,58.1,20,53.8,105,59.9,4,100
27-09-2021 16:55,31,66.7,29,60.4,27,56.6,25,54.3,111,59.9,4,100
27-09-2021 17:00,31,65.4,29,59.5,26,56.5,23,52.6,109,59,4,100
27-09-2021 17:05,34,62.7,29,57.4,28,52.2,26,51.1,118,56.3,4,100
27-09-2021 17:10,27,64.3,26,58.5,25,55.4,21,53.9,98,58.3,4,100
27-09-2021 17:15,26,67,25,62.1,26,61.2,18,59.3,95,62.7,4,0
27-09-2021 17:20,32,62.4,29,56,26,51.9,23,50.1,111,55.6,4,100
27-09-2021 17:25,24,64.5,27,59.5,26,57,23,54,100,58.8,4,100
27-09-2021 17:30,31,65,27,60.1,24,56.4,19,53.6,102,59.5,4,100
27-09-2021 17:35,30,49,29,46.6,29,42.9,21,38.5,109,44.7,4,100
27-09-2021 17:40,29,58.5,26,54.4,26,51.7,20,47.8,101,53.6,4,100
27-09-2021 17:45,26,62.5,30,59,25,56,22,51.2,103,57.5,4,100
27-09-2021 17:50,26,64.2,28,59.8,26,58,23,52.9,103,58.9,4,100
27-09-2021 17:55,29,63.2,30,59.3,26,57.2,23,51.8,108,58.2,4,100
27-09-2021 18:00,21,69.7,23,64.9,22,63.2,22,59.4,89,64.3,4,0
27-09-2021 18:05,20,68,24,63.5,23,61.4,22,57.1,90,62.4,4,0
27-09-2021 18:10,19,64.9,23,62.7,21,61.4,18,58.8,80,62,4,100
27-09-2021 18:15,25,67.1,25,62.8,22,62.2,22,57,93,62.5,4,100
27-09-2021 18:20,24,66.1,28,62.2,24,60.4,21,55.9,97,61.4,4,100
27-09-2021 18:25,24,66.9,26,61,22,59.2,19,56.5,91,61.2,4,100
27-09-2021 18:30,22,68.5,26,62.2,20,59.4,22,57,89,61.9,4,100
27-09-2021 18:35,20,67.3,22,62,19,61.2,17,58.2,78,62.3,4,100
27-09-2021 18:40,24,66.1,25,62.7,20,59.2,20,56.8,89,61.5,4,100
27-09-2021 18:45,21,65.8,22,61.6,21,59,19,56.4,84,60.8,4,100
27-09-2021 18:50,20,66.1,24,60.5,19,57.3,19,56.4,83,60.2,4,100
27-09-2021 18:55,19,67.2,19,63,19,58.5,18,55.2,75,61,4,100
28-09-2021 06:55,6,73.8,12,70.2,14,55.6,8,61.2,40,64,4,100
28-09-2021 07:00,6,73.8,10,69.6,10,61.7,7,60.7,34,65.9,4,100
28-09-2021 07:05,6,74.2,9,69.9,11,60,7,53,34,64,4,100
28-09-2021 07:10,7,73.8,14,68.8,11,64.5,9,55.5,41,65.6,4,100
28-09-2021 07:15,7,73.5,15,67.8,13,61.4,10,57,44,64.3,4,100
28-09-2021 07:20,6,74.1,11,67,13,63.7,11,58.8,40,64.8,4,100
28-09-2021 07:25,9,74.3,14,68.3,13,61.8,11,55.8,47,64.6,4,100
28-09-2021 07:30,9,76,14,68.8,13,64.3,10,60.8,46,67.2,4,100
28-09-2021 07:35,10,76.7,15,67.9,15,62.3,12,59.5,51,66,4,100
28-09-2021 07:40,13,75.7,19,68.6,17,62.3,11,56.6,61,66.2,4,100
28-09-2021 07:45,12,75.7,16,68.5,18,61.5,14,57.3,60,65.3,4,100
28-09-2021 07:50,13,76.8,19,67.5,18,62.2,15,58.2,65,65.7,4,100
28-09-2021 07:55,16,76.4,19,69.2,17,64.4,15,57.5,67,67.1,4,100
28-09-2021 08:00,12,76.6,16,70.5,17,63,13,56.4,59,66.5,4,100
28-09-2021 08:05,12,73.2,16,67.4,16,60,13,58.2,57,64.4,4,100
28-09-2021 08:10,15,72.1,19,67.1,14,60.7,12,55.7,60,64.6,4,100
28-09-2021 08:15,11,72.8,17,66.6,15,60,14,56.3,57,63.6,4,100
28-09-2021 08:20,11,73.6,17,65.5,17,58.1,14,55.1,58,62.5,4,100
28-09-2021 08:25,10,74.4,15,66.9,15,61.7,13,57.3,53,64.4,4,100
28-09-2021 08:30,9,74.8,12,68.5,16,63.5,13,56.1,50,65,4,100
28-09-2021 08:35,10,74.2,16,68.9,14,61.3,14,57.6,54,64.8,4,100
28-09-2021 08:40,7,75.2,13,68.5,13,60.3,12,57.6,45,64.4,4,100
28-09-2021 08:45,6,75.9,14,67.9,15,62.3,7,59.5,41,65.7,4,100
28-09-2021 08:50,6,75.6,13,69.5,13,65,9,59.2,41,66.8,4,100
28-09-2021 08:55,8,77.1,14,67.8,16,63.5,12,56.5,50,65.1,4,100
28-09-2021 09:00,10,75.1,12,67,13,63.8,10,58,45,65.7,4,100
28-09-2021 09:05,6,74.5,14,67.2,13,61.8,10,57.5,43,64.3,4,100
28-09-2021 09:10,6,74.6,13,67.9,11,64.6,11,56,41,65,4,100
28-09-2021 09:15,6,75,13,69.8,13,62.6,12,57.5,44,65,4,100
28-09-2021 09:20,6,74.4,16,71.7,14,62.5,13,57.8,48,65.7,4,100
28-09-2021 09:25,4,74.4,11,70.6,9,64.5,11,58.7,35,65.9,4,100
28-09-2021 09:30,7,74.7,13,67.9,12,66.7,9,59.7,41,67,4,100
28-09-2021 09:35,5,73.7,11,69.3,14,66.8,13,58,43,65.6,4,100
28-09-2021 09:40,6,74.6,15,70.1,15,67.8,11,58.2,47,67,4,100
28-09-2021 09:45,7,75.7,14,71.6,12,65,13,57.7,46,66.5,4,100
28-09-2021 09:50,4,75.3,11,72,12,66.3,10,58.4,38,66.9,4,100
28-09-2021 09:55,5,75.1,16,72.1,12,62.8,12,57.7,46,66,4,100
28-09-2021 10:00,6,74.4,11,71.6,13,61.3,13,56.8,43,64.5,4,100
28-09-2021 10:05,5,75.4,10,70.3,14,62.6,13,56.8,42,64.4,4,100
28-09-2021 10:10,5,75.4,11,71.7,15,65.8,11,59.1,41,66.7,4,100
28-09-2021 10:15,7,75.9,13,71.1,14,67.9,12,62.6,46,68.6,4,100
28-09-2021 10:20,7,76.7,9,71.8,11,68,13,59.1,40,67.6,4,100
28-09-2021 10:25,6,75.4,11,68.9,15,64.7,10,58.7,41,65.9,4,100
28-09-2021 10:30,6,75,13,69.2,12,64.9,10,59.5,42,66.4,4,100
28-09-2021 10:35,6,75.5,11,71.2,12,64.2,10,59.1,39,66.6,4,100
28-09-2021 10:40,5,74.7,13,71.9,9,60.6,11,59.9,37,66,4,100
28-09-2021 10:45,6,74.4,13,70.3,14,67.1,12,60.4,46,67.3,4,0
28-09-2021 10:50,7,74.4,13,69.6,13,67.5,14,60.4,47,67,4,0
28-09-2021 10:55,6,74,12,69.7,15,68.2,13,58.7,46,66.7,4,0
28-09-2021 11:00,6,74.4,12,69.6,15,67.9,14,60,46,66.8,4,0
28-09-2021 11:05,6,74.6,12,69.5,14,66,12,56.2,44,65.3,4,0
28-09-2021 11:10,7,74,13,68.9,12,64.9,11,58.5,44,65.9,4,0
28-09-2021 11:15,7,74.5,14,67.8,16,65,13,57.5,50,65.3,4,0
28-09-2021 11:20,6,74.8,10,71,13,76.7,10,62.8,39,71.4,4,100
28-09-2021 11:25,8,75.1,14,68.6,13,63.9,14,58.6,49,65.6,4,0
28-09-2021 11:30,7,75.3,13,68.9,15,65.2,13,58.5,48,65.8,4,0
28-09-2021 11:35,5,74.3,13,68,15,65.9,15,57.3,47,64.7,4,0
28-09-2021 11:40,6,73.3,12,68.8,15,66.6,17,58.8,50,65.3,4,0
28-09-2021 11:45,7,73.7,15,68.5,15,66.2,15,58.4,53,65.7,4,0
28-09-2021 11:50,0,74.8,16,66.8,14,63.6,6,62.8,36,64.9,4,100
28-09-2021 11:55,7,72.7,13,68.9,18,65.7,14,56.9,52,65.1,4,0
28-09-2021 12:00,8,74.8,15,69.3,18,57.3,14,55,55,62.7,4,100
28-09-2021 12:05,9,74.3,18,68.8,17,60.3,14,53.9,58,63.4,4,100
28-09-2021 12:10,10,75.9,17,67.6,18,59.4,17,55.8,62,63.4,4,100
28-09-2021 12:15,8,75.3,13,68.8,14,59.3,14,58.1,50,64.1,4,100
28-09-2021 12:20,9,73.6,17,68.6,18,59.2,14,54.5,56,63,4,100
28-09-2021 12:25,7,74.3,14,69.5,15,62.8,14,55.3,50,64.2,4,100
28-09-2021 12:30,9,73.8,15,69.1,18,61.6,16,56.6,57,64,4,100
28-09-2021 12:35,9,75.6,15,69.4,17,63.9,13,57.6,55,65.8,4,100
28-09-2021 12:40,10,75.5,15,69.4,18,63.1,15,56.5,58,65.2,4,100
28-09-2021 12:45,7,75.3,14,70.4,15,66.5,14,57.8,51,66.3,4,100
28-09-2021 12:50,8,75.7,16,70.2,15,64.8,16,58.7,55,66.1,4,100
28-09-2021 12:55,6,75.7,12,71.8,17,66,16,57.9,51,66.1,4,100
28-09-2021 13:00,11,75.1,17,69.8,18,63.3,19,55.8,65,64.7,4,100
28-09-2021 13:05,10,75.6,14,69.7,15,65.2,16,55.5,55,65.4,4,100
28-09-2021 13:10,9,75.9,15,70.3,16,65.2,15,57.7,55,66.2,4,100
28-09-2021 13:15,10,76.4,13,71.4,16,64.3,16,58.8,54,66.6,4,100
28-09-2021 13:20,6,76.2,13,70.4,14,65,16,59.8,49,66.2,4,100
28-09-2021 13:25,13,75.6,17,69.5,22,65.1,19,56.9,71,65.9,4,100
28-09-2021 13:30,9,75.9,16,70,16,64.2,14,55.7,56,65.6,4,100
28-09-2021 13:35,11,75,16,69.2,17,67.4,16,58.5,60,67,4,100
28-09-2021 13:40,12,75.3,19,70.1,19,65.6,18,58.7,69,66.8,4,100
28-09-2021 13:45,11,77.7,16,70.8,16,63.5,15,59.3,58,67,4,100
28-09-2021 13:50,9,76.3,15,71.1,16,63.6,15,58.4,55,66.3,4,100
28-09-2021 13:55,12,75.5,18,71.7,20,65.9,15,57.3,66,67.3,4,100
28-09-2021 14:00,12,73.7,17,67.7,20,65.5,16,56.9,65,65.4,4,100
28-09-2021 14:05,11,71.2,17,68,20,65.6,15,58.1,63,65.4,4,100
28-09-2021 14:10,14,70.3,19,66.8,21,64.8,17,55,70,64.1,4,100
28-09-2021 14:15,12,71,18,66.4,19,61.8,15,55.4,64,63.3,4,100
28-09-2021 14:20,16,71.4,17,67.2,19,60.9,14,54.7,66,63.7,4,100
28-09-2021 14:25,13,71.6,18,66.9,16,62.4,15,57.5,62,64.5,4,100
28-09-2021 14:30,13,71.9,16,68.5,21,64.5,20,53.9,70,63.8,4,100
28-09-2021 14:35,13,72.1,21,67.9,18,63.4,16,55.4,68,64.5,4,100
28-09-2021 14:40,14,71.9,18,68.2,19,64.6,15,56.9,66,65.4,4,100
28-09-2021 14:45,14,71.5,21,68.8,17,62.6,14,56.2,66,65.1,4,100
28-09-2021 14:50,16,70.9,22,69.6,21,64,17,56.4,76,65.5,4,100
28-09-2021 14:55,15,72.3,21,69.1,18,63.3,18,58.3,71,65.6,4,100
28-09-2021 15:00,17,71.7,22,69,20,63.1,19,58.5,79,65.5,4,100
28-09-2021 15:05,18,71.2,21,68.6,22,62,18,57,79,64.7,4,100
28-09-2021 15:10,17,70.4,23,68.6,23,61.1,19,55.6,82,63.9,4,100
28-09-2021 15:15,22,70.5,26,70.3,21,62.7,16,56.9,84,66,4,100
28-09-2021 15:20,24,70.7,25,68.2,22,61.7,19,55.9,89,64.7,4,100
28-09-2021 15:25,21,68.8,23,66.3,22,60.4,17,53.8,83,62.8,4,100
28-09-2021 15:30,24,67.5,27,66,24,61,19,52.8,94,62.5,4,100
28-09-2021 15:35,21,67.6,24,65.7,26,61.1,19,54.3,90,62.4,4,100
28-09-2021 15:40,23,68.1,24,65.4,25,61.9,16,54.6,88,63.2,4,100
28-09-2021 15:45,28,68.2,27,64.1,25,61.5,20,55.1,100,62.8,4,100
28-09-2021 15:50,24,67.4,26,64.1,22,60.5,15,55.8,86,62.7,4,100
28-09-2021 15:55,25,67.1,26,64.9,25,60.2,22,54.3,98,61.9,4,100
28-09-2021 16:00,24,66,28,64,24,61.2,19,53.6,96,61.7,4,100
28-09-2021 16:05,28,66.3,30,63.6,24,60.9,20,55.8,103,62.2,4,100
28-09-2021 16:10,30,66.2,29,63,27,60.1,22,56,108,61.7,4,100
28-09-2021 16:15,26,66.2,27,63,25,58.1,21,52.6,99,60.4,4,100
28-09-2021 16:20,30,66.9,28,63.9,27,57.4,23,54.4,107,61.1,4,100
28-09-2021 16:25,27,66.8,29,64.5,26,61.9,20,56.4,102,62.9,4,100
28-09-2021 16:30,28,67.7,26,65,26,62.3,20,57,100,63.4,4,100
28-09-2021 16:35,26,68.7,27,66.5,27,61.3,18,57.6,97,64,4,100
28-09-2021 16:40,27,68.6,24,66.4,26,63.2,19,57.2,95,64.4,4,100
28-09-2021 16:45,25,69.1,25,66.4,24,63.1,22,58.1,96,64.4,4,100
28-09-2021 16:50,32,68.7,31,65.3,24,61.8,21,57.2,107,64,4,100
28-09-2021 16:55,26,65.4,30,63.7,37,60.5,26,54.4,119,61,4,100
28-09-2021 17:00,31,63.8,29,62.8,29,60.7,24,54.7,113,60.8,4,100
28-09-2021 17:05,29,65.4,26,63.4,26,61.8,24,56.3,105,61.9,4,100
28-09-2021 17:10,25,65.8,25,63.1,23,63.5,19,57.2,91,62.7,4,100
28-09-2021 17:15,17,67.1,23,65.4,21,63.9,21,58.3,82,63.6,4,100
28-09-2021 17:20,31,67.3,28,66.1,28,64.1,23,55.1,109,63.7,4,100
28-09-2021 17:25,33,65.3,30,64.6,27,63.2,23,56,113,62.7,4,100
28-09-2021 17:30,30,66,27,64.7,25,62.8,20,56.3,101,62.9,4,100
28-09-2021 17:35,26,66.5,29,65.7,25,62.9,21,55.1,102,63,4,100
28-09-2021 17:40,27,66.9,26,65.8,26,62.8,22,56.5,101,63.3,4,100
28-09-2021 17:45,28,66.8,27,66.2,24,63.8,23,56.6,102,63.6,4,100
28-09-2021 17:50,27,67.4,25,65.5,24,62.8,23,57.2,99,63.4,4,100
28-09-2021 17:55,24,69,23,66.6,24,64.8,21,58.4,91,64.9,4,100
28-09-2021 18:00,25,68.5,27,66.3,23,63.9,19,58.7,93,64.8,4,100
28-09-2021 18:05,20,69,22,66.9,22,63.9,17,58.5,81,64.8,4,100
28-09-2021 18:10,22,68.9,25,66.1,23,65.4,22,59.1,92,64.9,4,100
28-09-2021 18:15,19,70.1,27,66.7,23,65.5,23,55.6,92,64.3,4,100
28-09-2021 18:20,22,68.7,25,66.8,24,64.1,22,56.7,93,64.2,4,100
28-09-2021 18:25,19,69.3,24,67.8,19,64.8,18,58.7,80,65.4,4,100
28-09-2021 18:30,21,69.5,22,69.4,20,65.5,15,59.8,79,66.6,4,100
28-09-2021 18:35,17,69.5,23,66.6,18,61.2,15,59.9,73,64.5,4,100
28-09-2021 18:40,19,69.5,22,66.8,20,60.4,20,59.3,81,64,4,100
28-09-2021 18:45,22,69.5,24,67.8,19,62.1,20,58.3,84,64.7,4,100
28-09-2021 18:50,17,68.8,21,67.1,20,62.2,20,56.4,78,63.4,4,100
28-09-2021 18:55,17,68.7,20,65.5,20,60.4,23,55,81,61.9,4,100
29-09-2021 06:55,4,74.2,11,72.3,9,68,9,65.3,33,69.4,4,100
29-09-2021 07:00,4,73.8,11,69.6,11,64.4,8,62.3,34,66.8,4,100
29-09-2021 07:05,5,74.9,12,69.2,10,63.7,7,62.9,33,67,4,100
29-09-2021 07:10,7,74.6,13,66.5,15,63.8,9,59.7,43,65.6,4,100
29-09-2021 07:15,6,75.3,11,67.7,11,65.4,9,57.8,37,66,4,100
29-09-2021 07:20,9,76.2,14,66.9,13,63.2,9,55.5,44,65.4,4,100
29-09-2021 07:25,8,74.6,15,64.6,17,62.2,12,55.4,52,63.3,4,100
29-09-2021 07:30,8,74.2,15,64.7,14,61.8,12,55.8,50,63.3,4,100
29-09-2021 07:35,8,72.8,16,66.5,16,63.5,13,58.1,52,64.5,4,100
29-09-2021 07:40,13,73.3,20,66.1,18,64.1,10,58,61,65.7,4,100
29-09-2021 07:45,12,73.1,20,66.6,21,64.8,14,56,67,64.9,4,100
29-09-2021 07:50,14,74.6,18,66.3,18,62.8,16,56.9,65,64.9,4,100
29-09-2021 07:55,12,73.6,18,65.3,18,64.1,14,55.6,62,64.3,4,100
29-09-2021 08:00,11,74.3,17,65.3,21,63.3,15,55.5,64,63.9,4,100
29-09-2021 08:05,13,75.7,18,67.1,14,63.7,16,56.1,62,65.3,4,100
29-09-2021 08:10,9,75.5,16,65.7,16,63.7,13,58.2,54,65,4,100
29-09-2021 08:15,11,73.7,15,65.5,16,61.3,11,60.7,53,64.8,4,100
29-09-2021 08:20,11,73.8,16,66.4,15,62.8,15,62.9,58,66,4,100
29-09-2021 08:25,10,74.6,17,64.2,16,60.5,16,58.8,59,63.6,4,100
29-09-2021 08:30,8,75.9,13,65,13,61.7,12,56.4,46,63.6,4,100
29-09-2021 08:35,8,75.1,14,64.6,13,62.8,10,56.5,44,64.3,4,100
29-09-2021 08:40,8,74.9,14,65.5,15,63,11,57.3,49,64.4,4,100
29-09-2021 08:45,10,73.4,15,66,14,62.6,13,60,51,65,4,100
29-09-2021 08:50,9,74.3,13,65.8,15,62.8,11,59.4,48,65,4,100
29-09-2021 08:55,8,74.1,17,65.9,18,61.7,14,56.8,58,63.5,4,100
29-09-2021 09:00,8,75.2,15,65.9,16,65.8,15,59.4,54,65.4,4,100
29-09-2021 09:05,7,75,14,63.5,16,66,13,59.2,51,64.8,4,100
29-09-2021 09:10,8,74.6,13,64.4,13,61.2,15,58.5,48,63.4,4,100
29-09-2021 09:15,4,74.9,12,65.9,14,64.7,13,58.4,43,64.2,4,100
29-09-2021 09:20,6,75.1,12,66,10,63.2,12,54.9,39,63.5,4,100
29-09-2021 09:25,7,74.4,12,64.1,13,67.7,12,56.6,45,64.8,4,100
29-09-2021 09:30,5,74.3,10,66.2,10,65.4,10,55.9,35,64.1,4,100
29-09-2021 09:35,6,75.1,12,66.5,15,67.4,12,58.4,44,65.7,4,100
29-09-2021 09:40,6,74.2,11,63.9,14,64.8,10,57,41,64.1,4,100
29-09-2021 09:45,7,74.5,12,65.1,11,63.5,9,55,38,63.9,4,100
29-09-2021 09:50,7,73.8,14,67.5,15,65.3,11,56.5,47,65.1,4,100
29-09-2021 09:55,6,74.7,12,67.4,13,65.8,13,58.4,43,65.2,4,100
29-09-2021 10:00,6,75.1,11,66.4,14,67.2,11,57.9,41,65.7,4,100
29-09-2021 10:05,5,74.4,12,66.9,14,66.1,12,56,43,64.3,4,100
29-09-2021 10:10,6,74.3,12,65.2,12,64.6,13,58,42,64.1,4,100
29-09-2021 10:15,4,74.2,11,63.9,9,65.9,11,57.2,35,63.4,4,100
29-09-2021 10:20,4,74.7,12,64.5,10,66.9,12,56.6,38,63.8,4,100
29-09-2021 10:25,6,74.6,11,66,12,67,9,58.3,37,65.8,4,100
29-09-2021 10:30,8,73.1,12,66.6,14,66.3,13,56.6,46,64.9,4,100
29-09-2021 10:35,6,73.8,9,68.6,14,69.9,13,59.4,42,67,4,100
29-09-2021 10:40,7,72.2,12,67.9,13,69.7,10,59.9,41,67.2,4,100
29-09-2021 10:45,5,73.4,13,69.4,15,68.4,12,57.9,46,66.5,4,100
29-09-2021 10:50,6,74.5,13,67.2,15,69.4,11,57.8,45,66.7,4,100
29-09-2021 10:55,5,74.7,10,68.1,12,66.9,13,61.4,39,66.4,4,100
29-09-2021 11:00,7,75.7,12,66.6,13,67.1,12,60.7,44,66.5,4,100
29-09-2021 11:05,6,75.1,12,64.8,13,63.9,13,60.1,44,64.5,4,100
29-09-2021 11:10,8,75.9,14,66.3,15,62.4,14,54.8,50,63.4,4,100
29-09-2021 11:15,8,75.3,14,68,11,63.9,12,55.7,46,64.9,4,100
29-09-2021 11:20,5,74.3,12,68.6,13,65.1,13,55.7,43,64.3,4,100
29-09-2021 11:25,5,74.7,13,70.1,14,64.5,13,57.4,44,65.2,4,100
29-09-2021 11:30,6,74.5,11,69.1,10,65.4,14,58.1,41,65.3,4,100
29-09-2021 11:35,7,73.8,11,68.6,13,64.4,8,58.5,39,65.9,4,100
29-09-2021 11:40,7,74.6,14,67.8,16,66.3,19,56.5,55,64.4,4,100
29-09-2021 11:45,7,74.9,12,67.8,16,67.2,11,57,45,66,4,100
29-09-2021 11:50,8,74.6,11,68,15,68.4,14,56.4,48,65.9,4,100
29-09-2021 11:55,7,73.8,12,67.2,16,65.3,16,58.3,51,64.7,4,100
29-09-2021 12:00,6,73.5,10,66.3,14,64.5,12,58.5,42,64.6,4,100
29-09-2021 12:05,6,73.3,12,66.5,15,63.3,12,59.8,45,64.5,4,100
29-09-2021 12:10,5,73.6,13,66.6,14,61.6,13,58.3,44,63.3,4,100
29-09-2021 12:15,8,73.7,14,67,17,60.5,15,60.1,53,63.9,4,100
29-09-2021 12:20,8,73.9,14,66.6,17,61.9,14,60.6,54,64.6,4,100
29-09-2021 12:25,8,74,14,67,15,64.2,10,58.3,47,65.5,4,100
29-09-2021 12:30,7,73.7,12,69,12,63.4,13,57,44,64.8,4,100
29-09-2021 12:35,8,74.4,13,68.7,17,64.6,14,58.5,51,65.5,4,100
29-09-2021 12:40,7,74.9,14,68.4,19,64.7,12,59.1,52,65.8,4,100
29-09-2021 12:45,7,75.3,15,68.7,16,61.7,14,59.7,51,64.9,4,100
29-09-2021 12:50,7,74.9,16,69.8,18,63.9,12,58.1,52,65.8,4,100
29-09-2021 12:55,6,74.7,14,68.1,16,62.4,13,60.1,49,65,4,100
29-09-2021 13:00,4,74.9,11,69.6,14,64.3,12,60,41,65.5,4,100
29-09-2021 13:05,6,74.9,12,69.3,16,63.4,15,59.8,49,65.1,4,100
29-09-2021 13:10,9,73.8,13,66,13,61.4,14,59.5,50,64.4,4,100
29-09-2021 13:15,6,74.3,15,67.2,15,59.4,16,62.3,51,64.2,4,100
29-09-2021 13:20,7,73.3,14,68.2,13,62.8,11,61.1,46,65.7,4,100
29-09-2021 13:25,9,74.1,14,68,16,61.6,15,62.6,53,65.6,4,100
29-09-2021 13:30,10,72.7,16,66.1,14,61.2,11,62.6,51,65.2,4,100
29-09-2021 13:35,10,75.6,16,67,15,62.8,15,61.9,56,66,4,100
29-09-2021 13:40,12,75.2,14,67.1,17,63.8,15,61.1,57,66.3,4,100
29-09-2021 13:45,11,75.5,21,68.2,15,63.9,14,57,61,65.9,4,100
29-09-2021 13:50,12,74.3,18,67,18,63.8,17,59.5,65,65.5,4,100
29-09-2021 13:55,16,74.1,20,66.2,17,64.3,15,58.5,68,65.9,4,100
29-09-2021 14:00,10,72.3,18,67,16,63.5,15,59.3,59,64.9,4,100
29-09-2021 14:05,12,71.5,19,67.1,18,61.3,14,57.7,63,64.2,4,100
29-09-2021 14:10,14,70.2,20,66.1,21,59.7,18,58.5,73,63.1,4,100
29-09-2021 14:15,15,70.5,22,65.8,19,62.2,18,59.7,74,64.3,4,100
29-09-2021 14:20,15,69.5,17,66.7,21,61.5,17,60.1,69,64.1,4,100
29-09-2021 14:25,11,70,18,65.8,16,64.6,16,60.5,62,64.9,4,100
29-09-2021 14:30,10,69.7,18,66.9,18,64,18,58.6,65,64.2,4,100
29-09-2021 14:35,14,70.3,19,66.4,15,61.5,15,59.5,62,64.5,4,100
29-09-2021 14:40,15,69.2,20,66.5,22,62.4,17,58.7,73,64,4,100
29-09-2021 14:45,14,70.5,17,66.3,20,61.8,16,58.6,67,64,4,100
29-09-2021 14:50,16,70.5,20,66.7,18,62.8,18,58.4,73,64.5,4,100
29-09-2021 14:55,17,69.7,23,67.4,20,64,17,59.3,77,65.2,4,100
29-09-2021 15:00,22,69.5,22,66.7,21,62.9,20,59.1,85,64.7,4,100
29-09-2021 15:05,19,68.3,22,66.1,23,62.6,20,59.2,84,64,4,100
29-09-2021 15:10,26,67.3,25,65.8,23,63.2,17,57.8,91,64.1,4,100
29-09-2021 15:15,22,67,24,65,20,62.6,21,57.9,87,63.3,4,100
29-09-2021 15:20,27,66.6,26,63.7,24,62,21,56.9,100,62.6,4,100
29-09-2021 15:25,25,65.7,28,63.5,25,58.5,17,55.7,94,61.3,4,100
29-09-2021 15:30,28,63.2,26,62.2,22,58.2,20,58.1,96,60.7,4,100
29-09-2021 15:35,28,65.1,28,60.8,21,56.9,19,58.4,97,60.7,4,100
29-09-2021 15:40,29,64.1,27,61.5,23,57.7,18,58.3,98,60.8,4,100
29-09-2021 15:45,30,64.5,30,61.3,24,57.4,20,58.6,104,60.8,4,100
29-09-2021 15:50,29,65.4,28,62,24,59.2,22,57.7,102,61.4,4,100
29-09-2021 15:55,29,64.4,27,61.1,25,58.2,21,57.6,101,60.6,4,100
29-09-2021 16:00,28,65.3,28,61.6,26,59.7,20,57.9,102,61.4,4,100
29-09-2021 16:05,28,63.6,29,61,27,59.8,21,57.8,104,60.8,4,100
29-09-2021 16:10,28,64.2,29,60.7,26,60,21,56.4,104,60.6,4,100
29-09-2021 16:15,26,63.7,28,60.9,26,59.3,21,55.6,101,60.1,4,100
29-09-2021 16:20,29,63.4,30,60.2,27,58.3,21,55.8,107,59.7,4,100
29-09-2021 16:25,30,64.5,28,61.5,23,61.2,20,57.1,100,61.4,4,100
29-09-2021 16:30,32,62.8,27,59.3,27,59.7,25,56.5,111,59.8,4,100
29-09-2021 16:35,29,63.8,27,59.3,24,59.7,22,55.9,103,59.9,4,100
29-09-2021 16:40,28,65.6,26,61.8,25,61.3,22,56.3,101,61.5,4,100
29-09-2021 16:45,27,66.1,26,61.7,23,60.3,20,57.8,96,61.8,4,100
29-09-2021 16:50,31,63.6,27,60.5,26,59.4,21,57.8,106,60.6,4,100
29-09-2021 16:55,30,62.3,28,60.3,28,58.3,23,56.8,109,59.6,4,100
29-09-2021 17:00,28,64.8,30,61.5,25,59.6,19,58.7,102,61.4,4,100
29-09-2021 17:05,30,64.8,30,62.1,27,57.2,24,58.4,110,60.8,4,100
29-09-2021 17:10,32,64.2,31,61,29,58.1,22,56.5,114,60.3,4,100
29-09-2021 17:15,33,63.9,30,61.6,29,59.1,24,56.5,115,60.6,4,100
29-09-2021 17:20,30,64,27,61.4,22,59.7,23,58.2,102,61.1,4,100
29-09-2021 17:25,27,64.1,27,61.3,24,60.6,24,58.6,102,61.2,4,100
29-09-2021 17:30,27,64.5,28,62.1,27,59.8,20,58.8,103,61.5,4,100
29-09-2021 17:35,23,65.1,29,63.7,26,59.5,23,56.9,101,61.4,4,100
29-09-2021 17:40,26,64.3,30,62.4,24,59.9,24,56.9,104,61,4,100
29-09-2021 17:45,23,65.7,23,63,25,59.9,21,57.8,93,61.7,4,100
29-09-2021 17:50,26,67.1,29,63.1,26,60.6,21,58.3,102,62.5,4,100
29-09-2021 17:55,28,65.6,30,62.3,26,59.4,23,56.3,107,61.2,4,100
29-09-2021 18:00,27,66.6,24,63.7,24,59.5,21,57.5,96,62.1,4,100
29-09-2021 18:05,25,66,24,64,23,61.8,21,58.5,93,62.8,4,100
29-09-2021 18:10,24,65.2,26,62.7,25,60.8,20,57.2,96,61.7,4,100
29-09-2021 18:15,27,65.2,27,62.3,25,61.7,24,56.9,102,61.7,4,100
29-09-2021 18:20,26,64.9,27,62.3,24,63.5,24,57.9,100,62.2,4,100
29-09-2021 18:25,24,65.7,24,62.6,23,63.1,20,58.2,92,62.6,4,100
29-09-2021 18:30,24,66.7,26,63.4,25,61.9,22,59.1,96,62.9,4,100
29-09-2021 18:35,24,66.1,25,64.4,23,62.4,21,60,93,63.3,4,100
29-09-2021 18:40,15,64.5,20,60.5,19,64,17,54.6,70,60.9,4,100
29-09-2021 18:45,18,65.4,22,63.2,19,65.5,16,55.1,74,62.6,4,100
29-09-2021 18:50,20,65.6,25,63.5,23,64.9,18,56.6,86,63,4,100
29-09-2021 18:55,19,65,23,63.2,22,64.7,20,57.2,84,62.5,4,100
30-09-2021 06:55,8,74.2,12,71.5,11,62.9,8,63.6,39,68,4,100
30-09-2021 07:00,7,75.4,14,68.2,12,65.8,10,62.9,43,67.6,4,100
30-09-2021 07:05,5,77,13,66.9,12,67.5,9,63.2,39,67.6,4,100
30-09-2021 07:10,6,75.4,13,66,14,63.9,10,62.9,43,66,4,100
30-09-2021 07:15,7,75.2,13,67,13,64.7,10,63.4,43,66.8,4,100
30-09-2021 07:20,6,75.1,12,68.2,14,64.4,10,64.4,42,67,4,100
30-09-2021 07:25,9,74.2,12,67.1,16,64.2,13,64.6,50,66.9,4,100
30-09-2021 07:30,7,73.7,15,64.3,13,59.5,9,64.6,46,64.5,4,100
30-09-2021 07:35,8,74.2,14,67,17,62.8,11,66,50,66.6,4,100
30-09-2021 07:40,11,74.6,16,67.3,16,61.9,12,65.8,56,66.9,4,100
30-09-2021 07:45,12,74,15,64.8,20,61.3,13,63.9,61,65.4,4,100
30-09-2021 07:50,13,74.6,18,64.4,17,62,16,65.9,64,66.3,4,100
30-09-2021 07:55,14,75.4,18,64.7,18,61.6,15,64.3,65,66,4,100
30-09-2021 08:00,10,74.6,18,65.8,18,62.3,14,59.3,60,64.7,4,100
30-09-2021 08:05,10,73.6,16,65.5,16,62.2,14,57.9,55,64.1,4,100
30-09-2021 08:10,11,74.2,14,64,16,64,13,58.6,55,64.8,4,100
30-09-2021 08:15,8,73.7,16,65.8,16,65,17,60.1,57,65.1,4,100
30-09-2021 08:20,9,73.5,14,66.4,15,66.9,10,56.7,49,65.9,4,100
30-09-2021 08:25,9,67.9,16,64.7,17,63.1,12,53.8,53,62.2,4,100
30-09-2021 08:30,8,68.9,15,64.1,14,60.3,14,54.3,51,61.1,4,100
30-09-2021 08:35,10,69.3,15,62.8,14,60,12,54.7,51,61.5,4,100
30-09-2021 08:40,9,69.4,11,61.2,15,61.5,12,58.4,46,62.1,4,100
30-09-2021 08:45,10,72,14,64.1,14,61.7,13,58.6,52,63.5,4,100
30-09-2021 08:50,8,72.1,12,62.9,15,62.8,13,57.1,48,62.8,4,100
30-09-2021 08:55,9,73.1,13,64.1,17,63.6,8,53,48,63.7,4,100
30-09-2021 09:00,9,73.2,13,64.7,15,63,11,55.7,48,63.6,4,100
30-09-2021 09:05,5,74,14,63.7,14,62.2,11,56.9,44,62.8,4,100
30-09-2021 09:10,4,73.9,12,64.7,14,64.3,8,56.6,38,63.8,4,100
30-09-2021 09:15,6,74.2,14,66,14,63.9,12,56.9,45,63.9,4,100
30-09-2021 09:20,5,73.7,10,67,14,62.5,14,59.2,42,63.7,4,100
30-09-2021 09:25,4,73.9,11,67.9,13,63.1,12,59.7,40,64.6,4,100
30-09-2021 09:30,7,72.6,11,66.3,11,61.3,11,56.5,41,63.2,4,100
30-09-2021 09:35,5,73.7,12,66.1,10,62.6,14,55.6,41,62.5,4,100
30-09-2021 09:40,6,73.4,13,66.9,13,59.1,11,58.9,44,63.5,4,100
30-09-2021 09:45,6,73.7,14,65.1,14,60.4,11,60.6,44,63.6,4,100
30-09-2021 09:50,5,73.6,10,67.5,13,60.6,12,57.8,40,63.1,4,100
30-09-2021 09:55,4,74.2,14,67.7,13,60.4,12,59,42,63.7,4,100
30-09-2021 10:00,6,74.8,11,66.2,11,59.7,11,62.5,39,64.7,4,100
30-09-2021 10:05,5,74.8,11,66.2,10,58.5,10,61.2,37,64,4,100
30-09-2021 10:10,5,74.6,12,64.1,8,61.6,11,59.1,36,63.5,4,100
30-09-2021 10:15,4,74.3,10,65,10,61.6,10,57.6,34,63.1,4,100
30-09-2021 10:20,7,73.9,10,64.5,11,61.3,11,58.4,38,63.5,4,100
30-09-2021 10:25,4,74.7,9,65.4,12,61.3,11,61.9,36,64.1,4,100
30-09-2021 10:30,6,75.1,13,67.1,12,61.5,13,59.7,44,64.6,4,100
30-09-2021 10:35,5,74.9,10,68.6,9,63.7,11,59.4,35,65.2,4,100
30-09-2021 10:40,6,75.2,10,68.1,14,64.6,12,59.2,41,65.3,4,100
30-09-2021 10:45,8,75.1,12,66.9,11,64.5,13,59.7,43,65.6,4,100
30-09-2021 10:50,7,75.9,13,66.1,11,64.1,11,59.3,42,65.4,4,100
30-09-2021 10:55,6,75.6,13,66,11,62.2,12,57,42,63.7,4,100
30-09-2021 11:00,6,75.9,12,66.4,14,61.5,9,54,40,63.2,4,100
30-09-2021 11:05,5,74.4,12,65.7,13,61.2,12,57.7,43,63.1,4,100
30-09-2021 11:10,6,75.4,13,65.7,13,64.1,11,59.5,43,64.9,4,100
30-09-2021 11:15,2,75,11,64.8,13,64.1,13,57.1,39,62.5,4,100
30-09-2021 11:20,6,74.9,12,67,13,61,11,57.5,41,63.7,4,100
30-09-2021 11:25,6,74.1,12,65.7,13,62.5,14,55.8,45,62.8,4,100
30-09-2021 11:30,6,74.1,16,63.2,14,60,12,58.7,49,62.5,4,100
30-09-2021 11:35,6,74.7,9,65.6,13,64.3,10,59,38,64.8,4,100
30-09-2021 11:40,7,74.3,10,64.7,14,66.5,14,59.2,45,65,4,100
30-09-2021 11:45,6,75.2,13,64.6,13,66.3,14,57.9,45,64.4,4,100
30-09-2021 11:50,4,75,10,66.5,14,66.3,16,59,44,64.6,4,100
30-09-2021 11:55,4,74.5,13,66.3,12,63.6,11,57.5,40,63.9,4,100
30-09-2021 12:00,6,74.5,11,68,12,62,11,57.7,40,64.4,4,100
30-09-2021 12:05,4,74.5,13,68.1,14,65.2,12,60.6,43,65.6,4,100
30-09-2021 12:10,7,73,13,65.9,13,62,11,58.9,45,64.1,4,100
30-09-2021 12:15,8,73.6,14,64.5,17,59.6,10,57.6,48,62.9,4,100
30-09-2021 12:20,9,72.9,14,64.5,16,61.3,14,57.6,53,63,4,100
30-09-2021 12:25,9,74.2,15,65.6,15,60.8,14,59.3,52,64.1,4,100
30-09-2021 12:30,9,74.1,15,67.3,15,62.3,14,59.1,53,64.9,4,100
30-09-2021 12:35,8,73.7,15,63.9,17,60.7,13,57.5,53,62.8,4,100
30-09-2021 12:40,9,74.1,14,64.6,16,59,14,58.8,53,62.9,4,100
30-09-2021 12:45,8,74.2,17,67.3,17,62.2,11,59.1,53,65.1,4,100
30-09-2021 12:50,8,74.3,13,67.3,16,60.2,17,59.8,53,63.8,4,100
30-09-2021 12:55,6,73.9,14,66,16,62.5,16,59,52,63.8,4,100
30-09-2021 13:00,9,76.2,16,66.6,16,61.7,16,59.1,56,64.7,4,100
30-09-2021 13:05,8,76.9,18,65.3,16,60,14,58.9,56,63.8,4,100
30-09-2021 13:10,10,75,14,65.2,16,59.7,15,57.5,55,63.4,4,100
30-09-2021 13:15,10,76.2,18,65.2,14,61.2,14,58.5,55,64.6,4,100
30-09-2021 13:20,9,75.8,13,64.9,15,57.6,14,60.6,51,63.4,4,100
30-09-2021 13:25,11,75.2,17,67.2,15,60.6,14,58.5,57,65,4,100
30-09-2021 13:30,9,77.1,16,66.8,14,60.1,14,57.5,54,64.4,4,100
30-09-2021 13:35,13,77.3,17,66.6,16,59.5,14,55,59,64.4,4,100
30-09-2021 13:40,10,76.3,16,67.1,18,58.9,18,56.5,61,63.1,4,100
30-09-2021 13:45,13,75.4,16,65.5,16,60.6,16,58.6,62,64.5,4,100
30-09-2021 13:50,11,73.8,16,65.9,17,61.7,12,58,55,64.5,4,100
30-09-2021 13:55,11,74.2,18,67,18,61.7,16,59.6,63,64.9,4,100
30-09-2021 14:00,15,72.9,19,66.9,16,65.7,15,61.3,65,66.7,4,100
30-09-2021 14:05,13,71.5,21,65.1,20,66.8,17,59.8,72,65.5,4,100
30-09-2021 14:10,13,69.2,17,65.1,16,63.1,16,60,62,64.2,4,100
30-09-2021 14:15,13,70.9,17,66.3,18,64.3,17,58.1,64,64.5,4,100
30-09-2021 14:20,14,70.9,19,66.4,19,62.9,13,56.1,64,64.4,4,100
30-09-2021 14:25,11,71.2,17,67,16,63.2,16,56.9,61,64.1,4,100
30-09-2021 14:30,15,70.3,21,66.5,19,63.9,14,58.9,68,65.1,4,100
30-09-2021 14:35,16,68.9,20,65.7,18,64.8,17,58.4,71,64.5,4,100
30-09-2021 14:40,18,68.1,22,64.5,21,64.4,18,59,79,64,4,100
30-09-2021 14:45,20,67.2,24,64.2,23,60.7,17,58.7,84,62.9,4,100
30-09-2021 14:50,20,68.1,23,64.7,22,59.8,17,55.9,81,62.4,4,100
30-09-2021 14:55,22,67.1,25,63.8,22,61.5,19,55.9,88,62.4,4,100
30-09-2021 15:00,22,67.2,25,63,20,61.1,19,55.5,86,62,4,100
30-09-2021 15:05,26,65.6,27,62.6,24,59.5,18,56,95,61.4,4,100
30-09-2021 15:10,23,64,24,61,20,56.4,13,53.1,81,59.4,4,100
30-09-2021 15:15,22,63.3,24,58.3,22,54.6,20,44.6,88,55.6,4,100
30-09-2021 15:20,25,64,29,59.6,21,54.3,20,49.3,94,57.4,4,100
30-09-2021 15:25,29,64.6,27,61.2,23,58,20,54.5,99,60.1,4,100
30-09-2021 15:30,27,64.7,24,62.2,20,56.2,19,57.8,90,60.7,4,100
30-09-2021 15:35,22,65.1,24,62.3,21,55.8,16,56.4,83,60.3,4,100
30-09-2021 15:40,26,65.1,25,62.7,24,59.3,18,56.5,94,61.3,4,100
30-09-2021 15:45,25,63.8,27,60.3,26,58.9,21,58.1,99,60.3,4,100
30-09-2021 15:50,26,65.1,26,62.7,23,59,19,56.3,93,61.2,4,100
30-09-2021 15:55,24,65.2,26,61.9,25,58.5,18,56.7,93,60.8,4,100
30-09-2021 16:00,28,66.2,27,62.1,25,60.8,21,56.5,101,61.7,4,100
30-09-2021 16:05,28,65.7,28,62.4,23,60.4,22,56.1,100,61.5,4,100
30-09-2021 16:10,23,66.3,27,63.6,25,62.4,20,56.2,96,62.4,4,100
30-09-2021 16:15,26,65.3,26,61.7,23,61,19,57.7,94,61.7,4,100
30-09-2021 16:20,24,63.6,28,62.8,22,58,19,58.5,95,61,4,100
30-09-2021 16:25,27,64.7,26,61.9,24,59.3,22,58.6,99,61.3,4,100
30-09-2021 16:30,26,65.5,27,63.2,22,60.2,21,58.8,95,62.2,4,100
30-09-2021 16:35,23,65.7,27,61.9,26,60.5,24,58.8,100,61.7,4,100
30-09-2021 16:40,25,66.9,26,61.6,26,61.3,20,57.6,97,62.1,4,100
30-09-2021 16:45,23,67.5,26,62.6,23,59.8,21,57.9,93,62.1,4,100
30-09-2021 16:50,24,67,24,63.8,24,61.6,19,58.4,91,62.9,4,100
30-09-2021 16:55,26,67.9,25,64,25,62.2,20,59.4,96,63.7,4,100
30-09-2021 17:00,21,66.6,24,64.6,24,62.3,22,59.2,92,63.2,4,100
30-09-2021 17:05,25,67.3,24,63.6,23,62.7,18,59.9,91,63.6,4,100
30-09-2021 17:10,24,68.2,24,63.8,24,62.2,22,59.4,94,63.5,4,100
30-09-2021 17:15,23,66.4,24,63.5,22,62.8,18,58.5,86,63.1,4,100
30-09-2021 17:20,26,66.4,25,64,27,63.4,21,58.8,100,63.4,4,100
30-09-2021 17:25,22,66.5,29,64.4,23,63,22,59.2,96,63.3,4,100
30-09-2021 17:30,24,68.1,25,65.2,24,64.9,19,60.1,92,64.8,4,100
30-09-2021 17:35,28,65.7,27,62,25,63.1,18,60,97,63,4,100
30-09-2021 17:40,29,63.8,29,61.7,26,61.8,22,58.4,106,61.6,4,100
30-09-2021 17:45,29,64.7,27,61.8,23,60.5,23,58.1,101,61.5,4,100
30-09-2021 17:50,25,65.9,26,62.7,24,61.9,22,58.3,98,62.3,4,100
30-09-2021 17:55,26,66.8,26,63.3,25,61.9,20,59.1,97,63,4,100
30-09-2021 18:00,20,67.3,24,65.1,23,61.4,20,58.8,87,63.2,4,100
30-09-2021 18:05,29,64.9,28,62.8,27,61,26,55.3,109,61.2,4,100
30-09-2021 18:10,26,64.6,25,63.1,26,62.2,19,56.3,96,61.9,4,100
30-09-2021 18:15,27,63.2,25,62.9,23,57.9,21,55.8,97,60.2,4,100
30-09-2021 18:20,19,64.9,25,62.3,22,59.6,19,55.3,85,60.6,4,100
30-09-2021 18:25,22,65,21,61.4,23,59.7,18,55.2,83,60.5,4,100
30-09-2021 18:30,22,64.8,26,63.1,22,60.4,21,56.3,91,61.3,4,100
30-09-2021 18:35,21,65.1,22,63.2,23,62.1,19,58.8,84,62.4,4,100
30-09-2021 18:40,20,66.9,24,63.7,20,61.7,19,59.8,82,63.1,4,100
30-09-2021 18:45,16,66.5,20,65.3,18,64.2,19,61,74,64.2,4,100
30-09-2021 18:50,13,66.5,18,66.6,19,64.8,17,60.6,68,64.5,4,100
30-09-2021 18:55,15,67,19,64.7,19,64.2,15,60.2,68,64.1,4,100
1/10/2021 6:55,7,73.9,11,70.3,14,67.3,8,57.7,39,67.4,4,100
1/10/2021 7:00,5,74,8,69.6,10,69.6,7,56.3,29,67.3,4,100
1/10/2021 7:05,4,74,10,69.6,11,67.6,7,55.4,32,66.4,4,100
1/10/2021 7:10,5,74.2,11,69.8,12,67.9,8,56.6,36,66.8,4,100
1/10/2021 7:15,6,73.8,12,70.1,12,67.5,8,56.4,38,66.9,4,100
1/10/2021 7:20,8,75.5,14,70.1,14,67.8,11,59.8,47,67.8,4,100
1/10/2021 7:25,10,73.9,10,67.3,16,67.7,12,59.2,48,66.8,4,100
1/10/2021 7:30,8,73.5,12,67.5,13,66.3,11,58.5,43,66.1,4,100
1/10/2021 7:35,10,73.3,13,67.4,17,67.8,12,59.9,52,66.8,4,100
1/10/2021 7:40,8,74.1,16,67.9,16,67.7,13,58.7,53,66.5,4,100
1/10/2021 7:45,13,73.6,17,67.7,17,69.1,15,62.3,61,68,4,100
1/10/2021 7:50,11,74.2,19,68.5,16,64.9,14,62.4,60,67.2,4,100
1/10/2021 7:55,11,73.3,19,68,18,65.8,15,60.7,64,66.5,4,100
1/10/2021 8:00,13,73.6,16,69.1,17,66.7,15,59.5,61,67,4,100
1/10/2021 8:05,10,73,14,66.4,18,65.2,15,60.8,57,65.7,4,100
1/10/2021 8:10,12,73.8,16,67.4,19,64.2,16,57.1,62,65,4,100
1/10/2021 8:15,12,73.8,16,66.8,16,63.9,15,59.2,59,65.5,4,100
1/10/2021 8:20,8,74.7,15,69.7,15,66.2,13,62.1,51,67.6,4,100
1/10/2021 8:25,10,75.2,14,66.7,14,65.3,14,61.3,52,66.4,4,100
1/10/2021 8:30,12,74.2,15,69.3,16,67.5,9,59.9,52,68.3,4,100
1/10/2021 8:35,8,73.8,17,67,15,63.4,14,56.5,54,64.4,4,100
1/10/2021 8:40,9,75.1,13,67.4,17,65.5,13,57.7,52,65.7,4,100
1/10/2021 8:45,8,74.1,14,66.7,15,67.6,11,56.8,49,65.9,4,100
1/10/2021 8:50,7,73.4,12,67.3,14,65.5,12,59.5,45,65.6,4,100
1/10/2021 8:55,9,74.8,16,67.7,14,67.1,12,62,51,67.5,4,100
1/10/2021 9:00,7,73.7,15,66.5,13,61,11,58.2,46,64.1,4,100
1/10/2021 9:05,6,73.9,13,67.4,14,62.4,13,59.7,46,64.6,4,100
1/10/2021 9:10,7,72.4,12,67.9,15,63.4,11,56.3,46,64.3,4,100
1/10/2021 9:15,4,73.8,10,70.1,12,65,12,56.7,38,64.8,4,100
1/10/2021 9:20,9,72.1,14,67.1,13,62.3,10,56.6,46,64.5,4,100
1/10/2021 9:25,5,73.1,12,67,13,63,16,57.3,45,63.1,4,100
1/10/2021 9:30,4,73.7,11,67.1,10,59.1,10,58.8,36,63.2,4,100
1/10/2021 9:35,7,73.7,14,65.2,16,62.9,15,60.1,52,64.2,4,100
1/10/2021 9:40,6,74.6,13,67.5,13,65.3,10,55.1,41,64.9,4,100
1/10/2021 9:45,7,73.1,13,67.7,12,61.8,13,59.4,45,64.6,4,100
1/10/2021 9:50,7,74.2,13,67.8,17,63,11,62.2,48,65.7,4,100
1/10/2021 9:55,4,74.2,13,68.1,14,64.6,13,59.8,44,65.2,4,100
1/10/2021 10:00,5,74.6,10,66.4,13,67,11,58.7,39,65.6,4,100
1/10/2021 10:05,5,74.7,12,69.4,13,66.3,13,60.1,43,66.3,4,100
1/10/2021 10:10,4,74.8,12,68.1,14,64.7,13,60,42,65.2,4,100
1/10/2021 10:15,5,74.3,11,67.6,13,65.4,12,62.1,40,66,4,100
1/10/2021 10:20,4,74.1,10,67.2,15,65.4,12,60.5,40,65.1,4,100
1/10/2021 10:25,5,74.3,10,65.9,14,65,10,60.7,40,65.3,4,100
1/10/2021 10:30,5,74,10,65.4,10,65.4,10,60.8,36,65.3,4,100
1/10/2021 10:35,9,73.2,13,64.5,14,65,13,57.1,50,64.3,4,100
1/10/2021 10:40,5,74.1,14,65.3,12,61.5,10,58.8,41,63.6,4,100
1/10/2021 10:45,7,73.3,12,66.6,12,65,11,59.4,42,65.3,4,100
1/10/2021 10:50,7,74.2,12,67.9,14,67.1,14,60.3,47,66.3,4,100
1/10/2021 10:55,6,75,12,68.8,13,65.4,13,60.1,44,66.1,4,100
1/10/2021 11:00,6,75,11,70,12,63.3,11,62.2,40,66.6,4,100
1/10/2021 11:05,7,75.1,14,68.7,16,64.4,15,58.8,52,65.5,4,100
1/10/2021 11:10,7,75.1,13,68.8,14,66.7,13,62.1,48,67.2,4,100
1/10/2021 11:15,5,74.4,11,68.5,12,66.4,12,61.4,40,66.5,4,100
1/10/2021 11:20,6,73.6,14,66.9,14,64.8,12,59.2,46,65.1,4,100
1/10/2021 11:25,5,73.9,11,68.7,13,61.6,11,60.4,40,64.7,4,100
1/10/2021 11:30,5,73.6,14,68.3,14,62.7,13,61,45,65,4,100
1/10/2021 11:35,4,74,11,68.2,14,65.3,12,61.7,41,66,4,100
1/10/2021 11:40,8,74.2,13,66.4,13,59.5,16,61.5,50,64.3,4,100
1/10/2021 11:45,8,74.2,12,66.2,16,62.5,14,62.1,50,65.2,4,100
1/10/2021 11:50,8,75.4,13,67.2,13,63.4,11,61.9,45,66.2,4,100
1/10/2021 11:55,6,75,13,70.6,11,65.7,15,62.4,44,67.3,4,100
1/10/2021 12:00,7,74.2,13,70.9,12,66.5,14,60.2,46,67,4,100
1/10/2021 12:05,6,73.1,13,68.5,11,65.4,13,60.3,43,66,4,100
1/10/2021 12:10,8,75,12,66.4,14,66.3,12,58.9,46,65.8,4,100
1/10/2021 12:15,8,75.5,12,67.5,16,67.9,12,58.6,48,66.6,4,100
1/10/2021 12:20,7,75,15,69.2,12,65.9,15,59.1,49,66.2,4,100
1/10/2021 12:25,8,74.4,15,68.7,16,65.9,11,58.7,50,66.5,4,100
1/10/2021 12:30,12,73.9,12,67.5,17,66.4,21,59.4,62,65.7,4,100
1/10/2021 12:35,9,76,15,69,14,67.4,12,57.1,50,67,4,100
1/10/2021 12:40,11,77.2,14,67.8,14,68.1,11,58,50,67.8,4,100
1/10/2021 12:45,8,74.9,13,68.9,14,65.8,12,59.9,48,66.7,4,100
1/10/2021 12:50,9,74.5,15,68.4,15,65.8,16,59.5,54,66,4,100
1/10/2021 12:55,7,74.3,13,69.2,14,67.7,12,58.3,45,66.5,4,100
1/10/2021 13:00,9,72.7,18,66.7,18,65,14,59,59,65.3,4,100
1/10/2021 13:05,12,75.3,18,67,16,61.7,17,58.9,62,65,4,100
1/10/2021 13:10,10,73.7,17,67.9,16,60.1,11,60.2,54,65.2,4,100
1/10/2021 13:15,13,74.9,16,66,18,63.2,12,58.5,59,65.6,4,100
1/10/2021 13:20,11,75.4,18,67.2,16,63.3,14,59.5,59,65.9,4,100
1/10/2021 13:25,12,74.5,18,65.8,19,60.5,17,59.5,66,64.3,4,100
1/10/2021 13:30,14,73,20,66,19,61.3,16,58,70,64.3,4,100
1/10/2021 13:35,14,73,21,66.2,20,60,18,59.1,73,64.1,4,100
1/10/2021 13:40,14,74.7,19,68.3,20,63,15,59,67,66,4,100
1/10/2021 13:45,15,73.1,18,68.7,19,60.8,15,57.1,67,64.9,4,100
1/10/2021 13:50,16,73.5,20,67.3,18,61.9,17,57.4,71,65,4,100
1/10/2021 13:55,14,72.4,18,66,18,61.3,16,59.7,66,64.5,4,100
1/10/2021 14:00,14,70.9,20,66.6,19,59.6,16,58.5,69,63.6,4,100
1/10/2021 14:05,21,68.5,21,64,21,60.3,14,57.4,76,63,4,100
1/10/2021 14:10,16,68.6,20,63.2,17,59.5,15,57.9,68,62.4,4,100
1/10/2021 14:15,18,68.2,23,68.3,21,60,16,59.3,78,64.2,4,0
1/10/2021 14:20,21,67.7,22,67.2,20,60.1,17,59.8,80,64,4,0
1/10/2021 14:25,20,70.1,21,67.5,22,69.8,13,63.5,76,68.2,4,100
1/10/2021 14:30,21,67.7,22,66,17,65.3,17,60.5,76,65.1,4,100
1/10/2021 14:35,19,67.9,21,67.2,18,66.8,16,60.8,73,65.9,4,100
1/10/2021 14:40,22,67.7,26,66.1,22,64,19,58.6,88,64.4,4,100
1/10/2021 14:45,22,66.1,24,64.4,21,63.6,17,59,83,63.6,4,100
1/10/2021 14:50,22,65.9,22,65.1,19,62.4,18,60,81,63.5,4,100
1/10/2021 14:55,21,67,22,66.6,18,62.6,17,60.7,79,64.5,4,100
1/10/2021 15:00,21,67.9,25,62.8,22,64.4,19,60.7,87,64,4,100
1/10/2021 15:05,25,66.2,27,63.7,26,61.5,20,58.9,97,62.8,4,100
1/10/2021 15:10,22,66.8,25,64.8,23,63.2,20,59.7,89,63.8,4,100
1/10/2021 15:15,24,67,26,64.7,20,63.2,17,58.7,86,63.8,4,100
1/10/2021 15:20,27,64.6,22,62.7,22,61.6,19,58.6,91,62.1,4,100
1/10/2021 15:25,30,63.2,30,62.9,23,62.5,18,59,101,62.2,4,100
1/10/2021 15:30,26,64.3,26,63.3,21,61.5,19,59.7,93,62.4,4,100
1/10/2021 15:35,26,63.4,29,61.6,25,60.8,18,59.6,98,61.5,4,100
1/10/2021 15:40,26,64.2,25,63.4,23,63.2,18,59.4,92,62.8,4,100
1/10/2021 15:45,30,63,27,62.8,24,61.9,21,58.2,102,61.7,4,100
1/10/2021 15:50,28,63.3,28,64,24,63.8,18,57.9,98,62.6,4,100
1/10/2021 15:55,30,63.7,25,62.8,22,63,21,56.1,97,61.7,4,100
1/10/2021 16:00,29,62.6,30,60.6,26,61,25,53.3,110,59.5,4,100
1/10/2021 16:05,25,62.8,26,61.9,27,61.9,21,56,99,60.9,4,100
1/10/2021 16:10,28,64.5,25,64,24,62.4,20,59.2,96,62.8,4,100
1/10/2021 16:15,27,64.7,27,64.3,24,63.2,21,59.6,98,63.1,4,100
1/10/2021 16:20,28,62.8,27,62.3,25,61,24,57.2,104,60.9,4,100
1/10/2021 16:25,27,63.6,29,62.5,23,62.2,24,58,103,61.7,4,100
1/10/2021 16:30,29,63.7,30,62.8,24,63,21,57.8,104,62.1,4,100
1/10/2021 16:35,28,62.9,28,62.7,25,60.3,22,55.7,102,60.7,4,100
1/10/2021 16:40,28,63.4,28,63.6,24,60.1,24,55.2,105,60.8,4,100
1/10/2021 16:45,28,65.1,27,64.5,22,59.1,21,57.5,99,62,4,100
1/10/2021 16:50,26,63.3,28,63.5,25,61.7,21,57.1,101,61.7,4,100
1/10/2021 16:55,26,63.8,28,63.5,27,61,20,58.7,101,62,4,100
1/10/2021 17:00,26,64.4,29,64.1,23,63.1,19,59.8,97,63.1,4,100
1/10/2021 17:05,27,65.1,22,64.2,25,62.7,19,58.9,94,63,4,100
1/10/2021 17:10,28,65.2,27,62.8,23,63,23,59,101,62.6,4,100
1/10/2021 17:15,26,65.4,24,63.9,23,63.8,22,59.7,94,63.3,4,100
1/10/2021 17:20,26,65.2,24,61.7,20,64.6,21,62,91,63.4,4,100
1/10/2021 17:25,26,64.4,24,62.7,26,66.1,20,61.5,96,63.8,4,100
1/10/2021 17:30,27,64.7,27,63.7,22,65.7,22,58.8,98,63.3,4,100
1/10/2021 17:35,30,63.9,25,64,27,63,18,57,100,62.5,4,100
1/10/2021 17:40,25,63.5,27,64.5,25,64,20,57.7,96,62.7,4,100
1/10/2021 17:45,23,63.8,29,63.4,23,63.3,23,55.7,99,61.7,4,100
1/10/2021 17:50,33,63.3,35,63.3,31,61,25,56.2,125,61.3,4,100
1/10/2021 17:55,28,63.9,26,63.7,23,63.6,24,55.7,101,61.8,4,100
1/10/2021 18:00,25,63.7,26,62.6,26,60.3,22,56.5,99,60.9,4,100
1/10/2021 18:05,33,62.1,28,64.8,26,61.4,24,54.9,111,61.1,4,100
1/10/2021 18:10,25,63.3,24,64.9,23,61.9,21,56.3,93,61.8,4,100
1/10/2021 18:15,22,65.8,22,64.8,25,60.4,26,56,95,61.5,4,100
1/10/2021 18:20,22,65.6,24,63.8,20,60.1,23,57.6,90,61.8,4,100
1/10/2021 18:25,18,67.2,24,65.2,21,60.9,20,59.3,82,63.1,4,100
1/10/2021 18:30,23,65.7,26,61.7,24,60,22,60.2,95,61.9,4,100
1/10/2021 18:35,17,68.3,21,63.7,20,62.6,16,61.5,73,64,4,100
1/10/2021 18:40,16,67.3,19,63.7,20,63.6,15,61,69,63.9,4,100
1/10/2021 18:45,15,66.4,19,64.8,17,64.8,18,61.3,69,64.2,4,100
1/10/2021 18:50,19,66.2,20,65.3,17,67.3,17,62.6,72,65.4,4,100
1/10/2021 18:55,16,66.4,22,65.3,20,65.6,18,62.1,76,64.9,4,100
2/10/2021 6:55,4,74.5,9,70.3,13,69.2,7,58.4,32,67.8,4,100
2/10/2021 7:00,4,74.1,8,70.5,10,70,6,60.6,28,68.7,4,100
2/10/2021 7:05,3,74.4,6,71.6,11,70.1,7,63.4,27,69.1,4,100
2/10/2021 7:10,2,74.4,10,71,11,67.2,6,62.2,29,68,4,100
2/10/2021 7:15,6,75.3,11,70,10,66.8,9,61.9,35,68,4,100
2/10/2021 7:20,3,75,8,70.4,11,66.6,8,63.6,31,67.7,4,100
2/10/2021 7:25,5,74.7,10,70.2,13,66.7,12,62.3,41,67.3,4,100
2/10/2021 7:30,8,77,13,71.9,15,69.7,8,59.8,43,69.9,4,100
2/10/2021 7:35,5,75.3,15,70.7,15,63.6,10,61.2,45,66.6,4,100
2/10/2021 7:40,8,73.8,14,69.6,14,61.2,12,59.8,47,65.5,4,100
2/10/2021 7:45,9,73.2,12,70.6,13,65.4,12,60.1,46,66.8,4,100
2/10/2021 7:50,7,74.3,12,69.7,15,65.7,11,60.4,44,66.8,4,100
2/10/2021 7:55,7,76.5,13,70.8,15,65.6,16,62.1,50,67.4,4,100
2/10/2021 8:00,6,75.8,13,70.4,14,64.8,12,61.5,46,67.1,4,100
2/10/2021 8:05,5,75.7,12,70.9,12,65.9,11,63.5,40,68.1,4,100
2/10/2021 8:10,6,75.7,12,70.5,12,62.5,10,61.5,40,66.6,4,100
2/10/2021 8:15,6,74.8,12,68.8,15,61.4,12,60.8,44,65,4,100
2/10/2021 8:20,6,74.9,11,68.6,13,62.4,12,61.1,43,65.5,4,100
2/10/2021 8:25,5,75.1,12,69.9,14,65,12,61.9,42,66.6,4,100
2/10/2021 8:30,4,74.9,10,70.1,12,66,10,61.6,37,67,4,100
2/10/2021 8:35,6,74.5,13,68.9,14,67.5,11,62,43,67.4,4,100
2/10/2021 8:40,8,74.2,14,69.4,15,66.7,14,61,52,67.1,4,100
2/10/2021 8:45,7,73.9,14,70,16,64.8,13,61,50,66.7,4,100
2/10/2021 8:50,8,75.9,13,69.2,15,66.8,13,61.2,49,67.4,4,100
2/10/2021 8:55,6,76.2,11,69,14,68,16,61.3,47,67,4,100
2/10/2021 9:00,3,75.8,12,69.7,13,67.2,13,58.6,42,65.8,4,100
2/10/2021 9:05,4,75.3,12,68.8,15,66.8,12,59.2,43,66,4,100
2/10/2021 9:10,6,74.6,14,71.6,14,66.6,13,61.6,46,67.7,4,100
2/10/2021 9:15,5,74.2,13,70.5,12,65.9,13,60.4,42,66.6,4,100
2/10/2021 9:20,6,73.9,13,69.6,12,65.1,15,61.1,46,66.2,4,100
2/10/2021 9:25,6,74,13,68.7,15,62.7,16,58.8,50,64.3,4,100
2/10/2021 9:30,6,74.2,13,70.7,14,66,14,60.2,48,66.7,4,100
2/10/2021 9:35,6,74.6,14,71.9,20,67,13,61,53,67.8,4,100
2/10/2021 9:40,6,74.4,14,68.5,18,64.5,16,60.5,54,65.4,4,100
2/10/2021 9:45,10,72.6,16,66,18,64.4,16,58.8,61,64.8,4,100
2/10/2021 9:50,8,74.9,13,66.7,15,66.1,11,59.5,48,66.1,4,100
2/10/2021 9:55,8,74.7,17,68.5,17,66.8,14,61.3,56,67,4,100
2/10/2021 10:00,7,74.2,15,69.8,16,65.4,15,60.4,53,66.3,4,100
2/10/2021 10:05,4,74.4,12,68.8,13,64.3,16,59.5,45,64.7,4,100
2/10/2021 10:10,7,74.6,14,69.1,15,66.5,15,60.5,51,66.6,4,100
2/10/2021 10:15,8,74.1,12,67.1,16,65.1,13,62.3,49,66.3,4,100
2/10/2021 10:20,9,73.5,15,67.7,16,63.3,14,59.5,53,65.2,4,100
2/10/2021 10:25,9,73.1,16,69.7,16,62.8,16,61.7,57,66,4,100
2/10/2021 10:30,8,75.2,13,69,16,65.7,14,60.8,51,66.7,4,100
2/10/2021 10:35,8,73.3,15,67.8,17,63.5,17,60.5,57,65.2,4,100
2/10/2021 10:40,6,73.8,14,69.5,16,64.4,14,62.9,50,66.6,4,100
2/10/2021 10:45,9,73.4,14,68.4,14,65.2,13,63.4,49,67.1,4,100
2/10/2021 10:50,9,74.5,14,68.5,18,63.8,14,63.2,55,66.7,4,100
2/10/2021 10:55,7,76,12,68.3,15,65.7,15,61.1,48,66.4,4,100
2/10/2021 11:00,11,75.3,17,67.9,19,63.1,16,59,63,65.5,4,100
2/10/2021 11:05,6,75,13,69.7,15,65.3,14,61.4,49,66.6,4,100
2/10/2021 11:10,8,74.6,14,69.7,14,64.8,15,60.2,51,66.4,4,100
2/10/2021 11:15,5,75.1,11,68.7,14,64,12,61.5,42,65.9,4,100
2/10/2021 11:20,8,73.9,15,68.3,16,61.5,17,61.5,56,65.1,4,100
2/10/2021 11:25,7,75.6,12,69.5,15,62.5,13,58.2,47,65.1,4,100
2/10/2021 11:30,6,74.6,14,69.2,13,61.5,14,59.5,48,65,4,100
2/10/2021 11:35,7,74.3,13,69.5,16,61.8,13,60.3,49,65.2,4,100
2/10/2021 11:40,6,75.2,12,68.3,15,64.5,16,62.4,49,66.1,4,100
2/10/2021 11:45,8,75,17,67.3,16,62.4,14,62.8,55,65.9,4,100
2/10/2021 11:50,10,75.3,18,68.1,17,63.5,17,60.5,62,65.9,4,100
2/10/2021 11:55,8,74.6,16,69.1,17,65.8,13,61.4,54,67,4,100
2/10/2021 12:00,10,74.8,17,68.6,17,65.1,13,62.1,57,67.1,4,100
2/10/2021 12:05,9,74.1,15,69.5,16,63.9,12,59.1,52,66.3,4,100
2/10/2021 12:10,10,74.1,15,68.4,17,64.6,12,60.4,54,66.4,4,100
2/10/2021 12:15,7,74.7,11,68.7,14,66.3,16,60.8,48,66.2,4,100
2/10/2021 12:20,9,75.5,16,69.9,18,65.5,18,61.1,60,66.8,4,100
2/10/2021 12:25,9,72.8,16,67,15,64.5,16,58.5,55,64.8,4,100
2/10/2021 12:30,8,72.9,15,67.2,14,64.8,12,60.8,48,65.8,4,100
2/10/2021 12:35,12,73.5,18,68.4,16,65.2,14,62.9,60,67.3,4,100
2/10/2021 12:40,8,72.8,17,69.5,17,64.4,14,62.2,56,66.6,4,100
2/10/2021 12:45,9,73.7,16,68.8,15,65.8,13,61.3,54,67,4,100
2/10/2021 12:50,11,73.4,16,67.4,17,64.8,13,61.1,56,66.4,4,100
2/10/2021 12:55,12,73.4,16,66.8,18,64.6,18,60.3,64,65.6,4,100
2/10/2021 13:00,13,73.7,16,67.9,14,62.8,14,61.5,58,66.4,4,100
2/10/2021 13:05,12,73.9,19,67.3,16,64.1,13,61.7,60,66.6,4,100
2/10/2021 13:10,10,73.7,17,68.6,18,62,16,61.9,60,65.7,4,100
2/10/2021 13:15,12,73,17,67.4,20,64.2,16,61.9,67,66.1,4,100
2/10/2021 13:20,12,72.8,16,68.9,17,65.3,16,62.2,62,66.9,4,100
2/10/2021 13:25,12,74.5,17,68.8,19,65.5,15,61.1,62,67,4,100
2/10/2021 13:30,12,74.4,16,70.9,18,64.2,17,60.3,62,66.8,4,100
2/10/2021 13:35,10,75,14,68.5,15,64.6,13,59.8,51,66.4,4,100
2/10/2021 13:40,11,74.5,16,69.1,18,63.8,17,60.7,62,66.2,4,100
2/10/2021 13:45,8,76.1,16,71.2,16,65.4,15,61.2,54,67.5,4,100
2/10/2021 13:50,9,76.6,16,71.9,15,67.2,17,61.7,57,68.3,4,100
2/10/2021 13:55,11,76.2,17,72.1,19,66.7,18,61.7,65,68.4,4,100
2/10/2021 14:00,12,76.6,17,69.4,18,65.8,16,61.5,63,67.7,4,100
2/10/2021 14:05,13,73.7,17,67.1,18,65.4,15,59.9,63,66.3,4,100
2/10/2021 14:10,10,73.8,17,68.5,19,66,14,62.4,60,67.2,4,100
2/10/2021 14:15,13,73.7,15,69.7,19,64.9,15,61.5,63,67.1,4,100
2/10/2021 14:20,12,74.8,19,67.7,15,61.1,17,61.5,63,65.8,4,100
2/10/2021 14:25,11,75.1,20,68.6,16,61.4,16,59.8,64,65.6,4,100
2/10/2021 14:30,13,74.8,20,69.5,17,63,16,59.1,66,66.3,4,100
2/10/2021 14:35,14,73.4,17,67.9,18,64.7,17,61.3,65,66.5,4,100
2/10/2021 14:40,13,74.7,21,67.6,16,64.7,18,59,67,66,4,100
2/10/2021 14:45,13,73.1,19,67.1,18,63.1,18,60.7,68,65.5,4,100
2/10/2021 14:50,15,72.5,19,68.5,22,63,15,61.3,70,66.1,4,100
2/10/2021 14:55,14,72.3,16,69,22,66.1,16,61.7,69,67,4,100
2/10/2021 15:00,15,73.3,20,69.4,19,66.4,16,61.3,70,67.6,4,100
2/10/2021 15:05,15,69.6,20,67.1,20,64.5,18,64.6,74,66.3,4,100
2/10/2021 15:10,14,73.5,19,67,19,62.8,20,63.1,73,66.1,4,100
2/10/2021 15:15,16,73.2,24,66.4,20,63.2,19,61.4,78,65.8,4,100
2/10/2021 15:20,13,72.6,21,65.2,17,63,17,63,69,65.5,4,100
2/10/2021 15:25,14,74.1,18,67.5,18,65.1,16,61.2,66,66.8,4,100
2/10/2021 15:30,15,73.8,19,67.5,19,66.1,16,60.1,68,66.7,4,100
2/10/2021 15:35,12,73.6,16,68.5,18,64.4,17,59.8,62,66,4,100
2/10/2021 15:40,14,74.4,18,69.6,18,63.9,19,61.2,68,66.8,4,100
2/10/2021 15:45,15,75.1,18,69.4,18,65.4,15,62.6,65,68,4,100
2/10/2021 15:50,11,73.9,20,69,18,63.8,18,61.6,67,66.4,4,100
2/10/2021 15:55,9,74.4,18,70.4,18,65.7,13,63.6,58,68.1,4,100
2/10/2021 16:00,10,73.5,16,68.3,18,64.9,17,62.5,60,66.5,4,100
2/10/2021 16:05,10,73.7,16,69.9,18,67.2,15,61.9,60,67.7,4,100
2/10/2021 16:10,12,73.6,18,68.9,17,66.9,13,60.8,61,67.5,4,100
2/10/2021 16:15,9,74.1,16,69.5,18,64.7,14,61,58,66.6,4,100
2/10/2021 16:20,14,73.4,18,69.5,18,64,15,60.7,65,66.9,4,100
2/10/2021 16:25,14,74.5,15,69.3,16,62.8,17,59.4,62,66.1,4,100
2/10/2021 16:30,12,75.8,17,70.2,16,65.4,14,61.7,59,68,4,100
2/10/2021 16:35,9,75.4,16,69.7,16,66.3,13,63.2,54,68,4,100
2/10/2021 16:40,10,75.1,16,69.2,16,67.6,14,63.9,55,68.5,4,100
2/10/2021 16:45,11,74,18,67.6,13,64.2,16,61.2,58,66.3,4,100
2/10/2021 16:50,11,72.8,19,66.9,20,62.5,16,60.5,67,65,4,100
2/10/2021 16:55,13,74.6,17,68.2,16,64.9,17,61.7,62,66.9,4,100
2/10/2021 17:00,11,74.7,18,68.6,19,66.3,19,62.8,67,67.3,4,100
2/10/2021 17:05,8,75.4,16,69.3,16,65.4,16,62.6,56,67.2,4,100
2/10/2021 17:10,10,75.2,16,68.5,16,64.7,15,60.3,58,66.5,4,100
2/10/2021 17:15,8,74.3,17,68.1,15,66.1,14,63.4,54,67.2,4,100
2/10/2021 17:20,9,74.4,14,69.2,17,65.8,13,63,53,67.4,4,100
2/10/2021 17:25,9,75.6,15,70.7,18,67,14,62.1,57,68.1,4,100
2/10/2021 17:30,7,75.5,15,69.2,16,66.4,16,62.5,55,67.2,4,100
2/10/2021 17:35,9,76.6,12,70.5,16,66.8,15,61.5,51,67.9,4,100
2/10/2021 17:40,11,75.5,15,69.8,17,66.3,19,62,61,67.4,4,100
2/10/2021 17:45,9,73.2,18,69.3,15,64.4,16,61.6,57,66.4,4,100
2/10/2021 17:50,9,74.4,17,69.8,18,65,16,60.9,60,66.7,4,100
2/10/2021 17:55,9,74.9,17,70.8,16,64.3,16,63.8,57,67.7,4,100
2/10/2021 18:00,10,75.5,15,70,16,64.9,15,64.5,57,68.1,4,100
2/10/2021 18:05,9,75.6,16,69.6,18,66.3,16,62.9,59,67.7,4,100
2/10/2021 18:10,9,74.6,14,69.5,17,66.2,16,61.9,57,67.1,4,100
2/10/2021 18:15,7,75.3,13,70.6,16,66.1,16,63.4,51,67.6,4,100
2/10/2021 18:20,8,74.6,15,69.8,16,65.5,13,63.2,52,67.6,4,100
2/10/2021 18:25,8,73.6,15,69.4,16,66.7,14,63.7,52,67.7,4,100
2/10/2021 18:30,8,74.6,13,70.2,17,65.4,21,61.6,58,66.3,4,100
2/10/2021 18:35,11,73.5,14,68.8,16,66.3,16,60.5,57,66.7,4,100
2/10/2021 18:40,11,74.9,18,67,19,64.9,16,60,64,66,4,100
2/10/2021 18:45,7,74.8,15,65.9,15,63.2,14,57.1,50,63.9,4,100
2/10/2021 18:50,8,73.4,16,66.3,16,64.7,16,57,56,64.2,4,100
2/10/2021 18:55,6,73.7,14,66.2,14,65.3,15,59.5,50,64.8,4,100
,,72.17438424,,,,,,,,,,
